{"train_losses": [1.913957330272021, 1.1713721904608294, 1.034870805947677, 0.9251478014089872, 0.8499653714392191, 0.7862680423290224, 0.7468349625692343, 0.6989341806572722, 0.6742031812820288, 0.6398673367012492, 0.6114459931850433, 0.583839756296114, 0.5682752272661995, 0.5453759231378356, 0.5277986134714483, 0.5137625446404948, 0.4919887307812186, 0.4835042658135714, 0.46291006659455314, 0.4582612798799334, 0.43224348447969196, 0.4247815132598438, 0.4125174573239158, 0.3980896103641261, 0.3909685347619874, 0.38332970981555214, 0.36820012235732946, 0.36172578474292366, 0.35420631447716444, 0.3410484596057926, 0.3305809530989288, 0.3208651950444712, 0.31520538767585365, 0.306520507387493, 0.2931373542760644, 0.2923514899009329, 0.2808793786998905, 0.2768434414168453, 0.26764830119926913, 0.25988867383478853, 0.25088042802060656, 0.2451777944670004, 0.2373105564804943, 0.22753398185190948, 0.22957897102436448, 0.22223610122261755, 0.2161908244423549, 0.2130041816426665, 0.20012594679432452, 0.19834799854956625], "val_losses": [1.2399848322325115, 1.032891904251485, 0.9291632914844947, 0.8900434933131254, 0.7874587434756605, 0.7502517828458473, 0.7230012137678605, 0.6860695952856088, 0.6791798513901385, 0.6545101196705541, 0.6455143595798106, 0.6355995509443404, 0.6025746623172036, 0.634781686565544, 0.6057061270067964, 0.5906949827942667, 0.5757455754129193, 0.5513375450538683, 0.5579061300694188, 0.5440651725364637, 0.5258420420975625, 0.5621634733073319, 0.5391520227812514, 0.5431061602091487, 0.5396429703959936, 0.5324479533901697, 0.5379040307259257, 0.5145302869473831, 0.532359600255761, 0.5300215741124334, 0.5175903714910338, 0.5584079283702222, 0.5297331066825722, 0.5249228809453264, 0.5103527049097834, 0.5162122972026656, 0.527170510231694, 0.5238122170484518, 0.5425503772648075, 0.5010780575154703, 0.5095542316572576, 0.5530743225465847, 0.529425218889985, 0.5141083368017704, 0.5271026560022861, 0.5628534347950658, 0.5409581947930252, 0.5155282058293307, 0.5249455599467966, 0.5398444357929351], "train_accs": [0.44912, 0.58424, 0.63436, 0.6744, 0.69916, 0.72454, 0.7369, 0.7539, 0.76492, 0.7758, 0.78536, 0.79442, 0.80016, 0.80908, 0.81404, 0.82, 0.8251, 0.82972, 0.837, 0.8388, 0.8491, 0.85064, 0.8557, 0.85844, 0.86444, 0.8651, 0.87168, 0.87134, 0.87476, 0.87866, 0.88436, 0.88606, 0.88814, 0.89236, 0.89666, 0.89664, 0.89996, 0.90132, 0.90468, 0.90844, 0.91174, 0.9126, 0.91516, 0.91826, 0.9184, 0.92056, 0.92352, 0.92302, 0.92864, 0.929], "val_accs": [0.5668, 0.6341, 0.6715, 0.6868, 0.7252, 0.7389, 0.749, 0.7588, 0.7661, 0.7722, 0.782, 0.7836, 0.7964, 0.7886, 0.7924, 0.8001, 0.8046, 0.8119, 0.8121, 0.8119, 0.8197, 0.8119, 0.8209, 0.8201, 0.819, 0.8275, 0.8264, 0.8336, 0.8313, 0.8342, 0.8313, 0.8237, 0.8336, 0.8351, 0.8421, 0.8374, 0.8337, 0.8381, 0.8378, 0.8441, 0.8462, 0.8338, 0.8415, 0.85, 0.8449, 0.8351, 0.8421, 0.8523, 0.8429, 0.8493], "epochs_time": 1403.0426049232483, "test_loss": 0.5398444357929351, "test_acc": 0.8493}