{"train_losses": [2.3479849755611566, 1.5119704620917436, 1.329510482680767, 1.1935085457609134, 1.0587061497256578, 0.9651944605285859, 0.8972635978018232, 0.8376375979474743, 0.7858151032796601, 0.7350599250525159, 0.6989081767971254, 0.6570938446027849, 0.6212453277367155, 0.6051597638660685, 0.5692900972598044, 0.5460071159750605, 0.5226130734014389, 0.5015968482969971, 0.4705076429545117, 0.4566424009592637, 0.43543866574002044, 0.4189111290456694, 0.40127041741557745, 0.38592786061794254, 0.37284572597812204, 0.35845200953733586, 0.34650563164745146, 0.3281774331084298, 0.31859980832280405, 0.30436520339430445, 0.29431741282610635, 0.2796299371801679, 0.26682085149428425, 0.26179204183771176, 0.24715177053609466, 0.2464677636961803, 0.22834464625629317, 0.22147223691615608, 0.21469397949593147, 0.2076320766907214, 0.19720168756630718, 0.19162062267818109, 0.1817438807671942, 0.17387359583621745, 0.16787281872518836, 0.16441029072036523, 0.16107490498696447, 0.15169380109785768, 0.14255444827439534, 0.14152577388888735], "val_losses": [1.6121214235885233, 1.3227088949348353, 1.256511983237689, 1.1052332777011245, 1.0314552135105375, 0.8973077897784076, 0.9545020423357999, 0.8661053671112543, 0.7693523862693883, 0.943401692034323, 0.776339536603493, 0.6967372539677198, 0.6742404503158376, 0.6517549002472358, 0.7760285444651978, 0.5920747239378434, 0.6578034090844891, 0.6094305187086516, 0.6176292111602011, 0.5843562234806109, 0.6004197812533076, 0.5869690047789223, 0.5748609153530265, 0.5898167894610876, 0.6327669292311126, 0.5773595907265627, 0.644251256803923, 0.5973276959944375, 0.5804921218866035, 0.58694388557084, 0.5723057985305786, 0.6088310951673532, 0.5690551237969459, 0.587464842426626, 0.5822951850257342, 0.5736351658271838, 0.6065835662280457, 0.6097645608684684, 0.6011225324642809, 0.6038835286339627, 0.5987521677832061, 0.6432203386403337, 0.6015717357019835, 0.6502938553502288, 0.7125062610529647, 0.6370980739593506, 0.6230966267706473, 0.6477535665035248, 0.651969973422304, 0.6494869861421706], "train_accs": [0.29272, 0.45506, 0.53238, 0.58222, 0.62914, 0.6622, 0.68802, 0.70736, 0.726, 0.74522, 0.7564, 0.77242, 0.78384, 0.79108, 0.80204, 0.80924, 0.81958, 0.82456, 0.83432, 0.84108, 0.84756, 0.85418, 0.85956, 0.86464, 0.86852, 0.8728, 0.87818, 0.8833, 0.88748, 0.89322, 0.89556, 0.90238, 0.90548, 0.90794, 0.91362, 0.91394, 0.92016, 0.92296, 0.92338, 0.92696, 0.92938, 0.9327, 0.9351, 0.9381, 0.9399, 0.94104, 0.94306, 0.94682, 0.94912, 0.95084], "val_accs": [0.4265, 0.5203, 0.5756, 0.6172, 0.6474, 0.6859, 0.6858, 0.709, 0.7327, 0.7139, 0.746, 0.7615, 0.7718, 0.7844, 0.7557, 0.7986, 0.7826, 0.789, 0.7982, 0.8062, 0.8067, 0.8103, 0.8124, 0.8179, 0.7991, 0.8184, 0.8095, 0.8141, 0.8248, 0.8211, 0.8297, 0.8218, 0.8317, 0.8264, 0.8281, 0.834, 0.8222, 0.8304, 0.8293, 0.835, 0.8385, 0.8305, 0.8378, 0.8307, 0.8211, 0.8362, 0.8371, 0.8374, 0.8397, 0.8356], "epochs_time": 1401.5067269802094, "test_loss": 0.6494869861421706, "test_acc": 0.8356}