{"train_losses": [2.0183623108412605, 1.3646873979617262, 1.226279935873378, 1.1094757265142163, 1.023963725475399, 0.944165249767206, 0.8875470594371981, 0.8174904158048313, 0.7817505869414191, 0.7366412828492996, 0.7040827508320284, 0.667442930781323, 0.641821778796213, 0.6135476784175619, 0.5922706608882036, 0.569265686413821, 0.5458265512495699, 0.5294797633157666, 0.5072320531243864, 0.49261331550605464, 0.4727347052615622, 0.4556005251072252, 0.44947235652095524, 0.42873457245662083, 0.41084226565745174, 0.40899832962114185, 0.3892323076725006, 0.3776724151790599, 0.3671760141392193, 0.35455952973469446, 0.35027183115939653, 0.3283644866226884, 0.3206151792841494, 0.3205363102200086, 0.3004890708133693, 0.2988654486739727, 0.286712115263695, 0.28255063453522483, 0.2730653188036531, 0.2630844999419149, 0.25239656543564004, 0.24386015637298983, 0.23899091025600044, 0.23446285314953236, 0.22702268932176672, 0.223511329487614, 0.2173569187750597, 0.20872572641772077, 0.19483611666028153, 0.18822500776604315], "val_losses": [1.4654510307915602, 1.2587220291548138, 1.158523025391977, 1.0754670168780074, 0.968457259709322, 0.9349862103220783, 0.8852579872819442, 0.8074441333360309, 0.776882736743251, 0.7484281719485416, 0.7246104282668874, 0.7031210162971593, 0.704708186508734, 0.7261147521719148, 0.6960953945600534, 0.6273383498191833, 0.6182093922095963, 0.6223102577879459, 0.6108220310150823, 0.594105099575429, 0.5802413391161568, 0.601832536956932, 0.5758223714707773, 0.572052690047252, 0.5763809318783917, 0.6207103914097895, 0.5967746335494367, 0.5777648370477217, 0.5722445611712299, 0.5719971049435532, 0.5496403333507006, 0.5970747795286058, 0.5731750436221497, 0.5331419827062872, 0.5303700500274007, 0.5547269452599031, 0.5356553962713555, 0.5309232230050654, 0.5553719906867305, 0.5543227920049354, 0.550090575897241, 0.5659469332121596, 0.5972562866120399, 0.5656882184970228, 0.5883132743684552, 0.6099330567860906, 0.6012896770917917, 0.562203611188297, 0.5454991957809352, 0.5754835401909261], "train_accs": [0.38118, 0.50376, 0.55848, 0.60232, 0.63556, 0.66592, 0.68724, 0.70978, 0.72344, 0.7377, 0.75218, 0.76402, 0.77514, 0.78426, 0.7922, 0.7999, 0.80768, 0.81236, 0.82126, 0.82758, 0.83328, 0.83858, 0.84408, 0.84816, 0.85452, 0.85538, 0.8631, 0.8665, 0.8713, 0.87506, 0.8766, 0.88426, 0.88748, 0.88638, 0.89414, 0.89376, 0.89798, 0.89914, 0.90288, 0.90758, 0.91136, 0.91256, 0.91618, 0.91714, 0.9191, 0.92054, 0.92358, 0.92702, 0.93164, 0.93256], "val_accs": [0.4688, 0.5415, 0.5902, 0.6223, 0.6543, 0.6723, 0.6937, 0.7184, 0.7338, 0.7444, 0.7538, 0.7605, 0.7593, 0.7577, 0.7646, 0.7874, 0.7912, 0.7885, 0.7947, 0.7981, 0.8079, 0.8063, 0.8119, 0.8111, 0.8119, 0.8037, 0.8071, 0.8125, 0.8205, 0.8219, 0.828, 0.8169, 0.8194, 0.8342, 0.8359, 0.8279, 0.8315, 0.8368, 0.837, 0.8323, 0.8384, 0.8358, 0.8271, 0.8348, 0.8327, 0.8267, 0.8314, 0.8397, 0.8465, 0.8407], "epochs_time": 1400.4829139709473, "test_loss": 0.5754835401909261, "test_acc": 0.8407}