{"train_losses": [1.953303995181103, 1.7008674491424949, 1.5611998888911034, 1.4688760425363268, 1.4131328956205018, 1.3521010492529189, 1.3059296887748095, 1.2657357940868454, 1.2243846612317222, 1.1991779712998136, 1.1663130901905956, 1.1410164069764468, 1.1189625722413161, 1.09621493031784, 1.0813732624662167, 1.0579886886538292, 1.03395149355032, 1.020834815745451, 1.0048272713106505, 0.9941302489261238, 0.9712863871637656, 0.9614854680032147, 0.9462354563328684, 0.93083903832095, 0.9211181067690557, 0.90740446898402, 0.9010479258639472, 0.8817120769194194, 0.8736661873301681, 0.864039235273186, 0.8486191542172918, 0.841802712605924, 0.8297939765818265, 0.8215728666709394, 0.8166018180092987, 0.8086081253630775, 0.7949937658042324, 0.7971134024615191, 0.7793022014048635, 0.7718023335447117, 0.7641286500254456, 0.7558920289180717, 0.7489615678787231, 0.7457079799199591, 0.7365913993241836, 0.7297211043080505, 0.7235882708004543, 0.714540955667593, 0.7086341651726742, 0.6986645195557146], "val_losses": [1.6820766985416413, 1.4918059259653091, 1.3907510757446289, 1.313528347015381, 1.247822105884552, 1.2376417160034179, 1.1833258748054505, 1.1413738012313843, 1.1086155891418457, 1.0817078426480293, 1.1234348997473718, 1.0581907749176025, 1.0167466551065445, 1.0358809545636176, 0.9868024557828903, 0.9743038177490234, 0.9721375778317451, 0.9953913003206253, 0.9666012421250343, 0.9200168013572693, 0.9048260033130646, 0.910230977833271, 0.876637364923954, 0.8523361906409264, 0.8384404048323632, 0.8502663090825081, 0.8227328076958657, 0.837174279987812, 0.8252043455839158, 0.8146933630108834, 0.8026822581887245, 0.7867012411355973, 0.7937646478414535, 0.8009349375963211, 0.7899768099188804, 0.7612190663814544, 0.7509966671466828, 0.7798467949032784, 0.7495012909173966, 0.7438644751906395, 0.7578693151473999, 0.7659381791949272, 0.7403304859995842, 0.7405124470591545, 0.7235169664025307, 0.7364135637879372, 0.7242499709129333, 0.7282603427767753, 0.7153242260217667, 0.7143803671002388], "train_accs": [0.29614, 0.38584, 0.43334, 0.46738, 0.488, 0.50928, 0.52446, 0.54008, 0.55768, 0.56648, 0.57854, 0.5899, 0.59784, 0.60556, 0.61234, 0.61958, 0.62772, 0.63512, 0.64082, 0.64644, 0.6534, 0.6574, 0.66124, 0.66694, 0.67156, 0.67588, 0.67808, 0.68602, 0.68894, 0.69054, 0.69586, 0.69996, 0.70388, 0.70666, 0.7079, 0.71354, 0.71914, 0.71898, 0.72136, 0.72526, 0.72898, 0.73084, 0.73262, 0.734, 0.73806, 0.74056, 0.74328, 0.74656, 0.74928, 0.75252], "val_accs": [0.4023, 0.4621, 0.4999, 0.5276, 0.5459, 0.5492, 0.5752, 0.591, 0.6046, 0.6105, 0.6075, 0.6269, 0.6371, 0.6322, 0.6492, 0.6564, 0.6548, 0.6452, 0.6574, 0.672, 0.6809, 0.6824, 0.6934, 0.6986, 0.7017, 0.6981, 0.7087, 0.7053, 0.7069, 0.7155, 0.7146, 0.7231, 0.7201, 0.7231, 0.7224, 0.7347, 0.7353, 0.7267, 0.7361, 0.7372, 0.7347, 0.7328, 0.7397, 0.7429, 0.75, 0.7478, 0.7455, 0.7467, 0.753, 0.7567], "epochs_time": 687.304176568985, "test_loss": 0.7143803671002388, "test_acc": 0.7567}