{"train_losses": [1.831653087723012, 1.4514367209405314, 1.2916148919232038, 1.1717881380903477, 1.0871847132030799, 1.0132437719374288, 0.953401217959365, 0.9018297085956651, 0.8556116989680699, 0.8219519844468759, 0.7880293070053568, 0.751368807894843, 0.7291659110662888, 0.7075080050497639, 0.6793077058938085, 0.6601164328808687, 0.6457657646767947, 0.6196571550503069, 0.6047639281165843, 0.5869308346692397, 0.5725025169703425, 0.5544705524736521, 0.5401376516235118, 0.5303783547513339, 0.520128997917078, 0.5096752769788917, 0.4960078738477765, 0.481317043912654, 0.47450871415892426, 0.4607927285286845, 0.4517191875041748, 0.4410764223762921, 0.42880399069007563, 0.43167279280570087, 0.41533712556167524, 0.40544726882053883, 0.3967060097018067, 0.3873675540089607, 0.3809392036375951, 0.36857808198855846, 0.3621498609379846, 0.36063879697906726, 0.3528391281713028, 0.34627038392485404, 0.3396811486811054, 0.33424965482281177, 0.3213270716369152, 0.3200489927311333, 0.3136925067068363, 0.306780854506152], "val_losses": [1.4921936064958572, 1.3032055705785752, 1.1118271857500077, 1.0961103558540344, 0.945112769305706, 0.9311074629426003, 0.899208103120327, 0.8306846648454667, 0.800989581644535, 0.7758167833089828, 0.7869864761829376, 0.7272164091467858, 0.6732177555561065, 0.6581593304872513, 0.6564409002661705, 0.6492551647126674, 0.6305706098675727, 0.6335978537797928, 0.5834150820970535, 0.5719992727041244, 0.5801200263202191, 0.5691047139465809, 0.5830022744834423, 0.5457885809242725, 0.5862255223095417, 0.5759396262466907, 0.5604171745479107, 0.5626488387584686, 0.5351061068475247, 0.5854706466197968, 0.5188969671726227, 0.5208089277148247, 0.5258219838142395, 0.5243916943669319, 0.5309017159044742, 0.5098998010158539, 0.5115332797169685, 0.5598020166158676, 0.5069395720958709, 0.5229759491980076, 0.5128627233207226, 0.5232921309769154, 0.5087865799665451, 0.5202692024409771, 0.5157029084861279, 0.5262815840542316, 0.5460579298436642, 0.5225401230156421, 0.5594839356839657, 0.5072921879589558], "train_accs": [0.34102, 0.4686, 0.53034, 0.57526, 0.60798, 0.63968, 0.65856, 0.67856, 0.69502, 0.70684, 0.72346, 0.73218, 0.74278, 0.74934, 0.7565, 0.76532, 0.7711, 0.78096, 0.78714, 0.7924, 0.79858, 0.8039, 0.80882, 0.81258, 0.81698, 0.81966, 0.82498, 0.83042, 0.83236, 0.83706, 0.84036, 0.84298, 0.84766, 0.84652, 0.85174, 0.85558, 0.85998, 0.86262, 0.86462, 0.87008, 0.87264, 0.87304, 0.87514, 0.87784, 0.87946, 0.88182, 0.88638, 0.88572, 0.88956, 0.89214], "val_accs": [0.4533, 0.5295, 0.599, 0.6074, 0.6649, 0.6751, 0.6887, 0.7032, 0.7201, 0.7304, 0.7254, 0.7482, 0.7633, 0.7721, 0.7745, 0.7792, 0.7875, 0.7853, 0.7997, 0.8016, 0.8024, 0.8068, 0.8064, 0.8164, 0.8055, 0.8069, 0.8125, 0.8116, 0.8221, 0.8086, 0.8285, 0.8274, 0.8269, 0.8267, 0.8261, 0.8315, 0.8341, 0.8248, 0.8376, 0.8306, 0.8399, 0.8373, 0.8374, 0.8396, 0.842, 0.842, 0.8371, 0.8451, 0.8375, 0.8487], "epochs_time": 1948.7119705677032, "test_loss": 0.5072921879589558, "test_acc": 0.8487}