{"train_losses": [1.8135416805744171, 1.464569324741558, 1.3197317701213214, 1.2091732250184428, 1.126751396120811, 1.0566393003171803, 0.9982963672706059, 0.9420023089160725, 0.8983199912674573, 0.8606806224098011, 0.8297248351938871, 0.7979131128106799, 0.7709095782163192, 0.749303398691878, 0.7242646868131599, 0.7049539846425154, 0.6934478197778974, 0.6677250360347786, 0.6545894279771921, 0.6381748911677575, 0.6214609596194053, 0.6011768129407143, 0.5913109771755277, 0.5822131373748487, 0.5714397247956724, 0.5600407201112533, 0.5468316297141873, 0.5339403024741581, 0.5297013832902422, 0.5113559964360023, 0.5081345378136148, 0.49245740914223146, 0.4870108213959908, 0.4820094628601658, 0.4713568065543564, 0.46123058014378254, 0.45079496533286817, 0.44191314644959506, 0.4339813010729089, 0.4247562754519132, 0.4189823143640343, 0.41341414013687444, 0.4106667469046554, 0.3989034258589453, 0.39697122862752604, 0.3910610439369873, 0.3815076752584808, 0.3741123796421654, 0.36710633656808306, 0.36364392632124376], "val_losses": [1.471418234705925, 1.2990548223257066, 1.1999934419989586, 1.0801558569073677, 0.9946739107370377, 0.9907184571027756, 0.8989408522844314, 0.8836882606148719, 0.8178196132183075, 0.7733037263154984, 0.7822833940386772, 0.7320212334394455, 0.7061587542295455, 0.7388266772031784, 0.6943354398012161, 0.6871430084109307, 0.6437460407614708, 0.6579123318195343, 0.6544411197304726, 0.6086030431091786, 0.6051865205168724, 0.5833363108336925, 0.5947278752923012, 0.5685347452759743, 0.6108275517821312, 0.6244764134287835, 0.5696330815553665, 0.5846412621438504, 0.5584825247526168, 0.5849799662828445, 0.6651279330253601, 0.5342273280024529, 0.5732631087303162, 0.5644751623272896, 0.5328188240528107, 0.6013782933354378, 0.5284037426114082, 0.5387113466858864, 0.5145628444850445, 0.5233486875891685, 0.5057150825858117, 0.5522641912102699, 0.5535361856222153, 0.5331994362175465, 0.5110170610249043, 0.545458885282278, 0.5031474567949772, 0.5456683941185474, 0.5298506945371628, 0.5468372717499733], "train_accs": [0.34656, 0.46282, 0.51918, 0.56172, 0.59398, 0.6234, 0.6432, 0.6618, 0.67962, 0.69358, 0.70524, 0.7187, 0.72638, 0.73402, 0.7439, 0.75162, 0.75382, 0.76406, 0.7697, 0.77322, 0.77956, 0.78656, 0.79122, 0.79346, 0.79862, 0.80028, 0.80868, 0.81174, 0.81264, 0.81922, 0.8214, 0.8257, 0.82674, 0.82962, 0.83236, 0.83598, 0.8405, 0.84414, 0.84736, 0.85, 0.84994, 0.85274, 0.8541, 0.85812, 0.85978, 0.86132, 0.86606, 0.8682, 0.86876, 0.87216], "val_accs": [0.4535, 0.5216, 0.5677, 0.6099, 0.648, 0.6536, 0.6846, 0.6871, 0.7123, 0.7256, 0.729, 0.7436, 0.7514, 0.747, 0.7627, 0.7681, 0.7781, 0.7739, 0.7766, 0.794, 0.7896, 0.7998, 0.797, 0.8035, 0.7892, 0.7926, 0.8047, 0.807, 0.8086, 0.8115, 0.7882, 0.8233, 0.8116, 0.8129, 0.8256, 0.8091, 0.826, 0.8256, 0.8285, 0.8287, 0.8334, 0.8212, 0.8219, 0.8278, 0.8369, 0.8282, 0.8395, 0.829, 0.8359, 0.825], "epochs_time": 706.4455361366272, "test_loss": 0.5468372717499733, "test_acc": 0.825}