{"train_losses": [1.852862189010698, 1.5741134815070095, 1.449943872130647, 1.3721505227137585, 1.3083880525462481, 1.2574481951947114, 1.2126263945686573, 1.1636873806009487, 1.1391108562143482, 1.1114370372830604, 1.0881345031820997, 1.0594988228106985, 1.0370297669147959, 1.0175076768714555, 0.9912550814297735, 0.9805406338098098, 0.9605005714966326, 0.9393419024287438, 0.9248676266597242, 0.9076122696302376, 0.888777112474247, 0.8750521206125921, 0.8609935787259316, 0.8475486602710218, 0.8441355210177752, 0.8244978551353727, 0.8128725579198526, 0.7985088369067834, 0.7932214508859479, 0.777583764523876, 0.7668840492866478, 0.7545088274138314, 0.7498282324902865, 0.7357394594927223, 0.7255517603183279, 0.7196482578102423, 0.7105143711883195, 0.6945935214052394, 0.6891001447731134, 0.6730215750178512, 0.6740068537848336, 0.6676312055514784, 0.6624638559866924, 0.6563370036227363, 0.641543119993745, 0.639083985163241, 0.6282237702790572, 0.6190643964373336, 0.6105692268026118, 0.6044912653005853], "val_losses": [1.5434367209672928, 1.3818452090024949, 1.2703298896551132, 1.2749740719795226, 1.1876907467842102, 1.1516528517007827, 1.091259178519249, 1.0700859665870666, 1.0259717300534248, 1.0133852735161781, 1.0155585408210754, 0.9646086096763611, 0.9683455437421798, 0.9412456214427948, 0.9301541596651077, 0.8864625558257103, 0.8706307142972947, 0.9098332062363624, 0.8714942887425423, 0.8352978706359864, 0.8592762082815171, 0.8155968844890594, 0.8175971165299416, 0.7994452521204949, 0.8082342937588691, 0.773504139482975, 0.7914162665605545, 0.7736350908875466, 0.7473852127790451, 0.747000016272068, 0.7411904349923134, 0.726153239607811, 0.7174404382705688, 0.720708803832531, 0.7263893753290176, 0.7141805976629257, 0.7029355563223362, 0.6849766835570336, 0.7091712385416031, 0.6839521497488021, 0.6680569693446159, 0.6761983171105385, 0.6530362293124199, 0.6594862192869186, 0.6503305569291115, 0.684113784134388, 0.6575327754020691, 0.6441667228937149, 0.6501500248908997, 0.647013432532549], "train_accs": [0.32898, 0.42878, 0.47394, 0.4993, 0.52408, 0.54396, 0.56556, 0.57894, 0.58916, 0.59962, 0.60844, 0.61876, 0.62784, 0.63468, 0.64428, 0.6493, 0.65644, 0.6641, 0.66964, 0.67612, 0.68166, 0.68764, 0.69122, 0.69904, 0.69942, 0.70874, 0.70896, 0.71426, 0.71642, 0.72072, 0.72716, 0.7317, 0.73286, 0.73698, 0.74078, 0.7425, 0.74836, 0.75402, 0.754, 0.76122, 0.75854, 0.76364, 0.76582, 0.76746, 0.77288, 0.7731, 0.77654, 0.78032, 0.78316, 0.78646], "val_accs": [0.4372, 0.5002, 0.5361, 0.5407, 0.5738, 0.5892, 0.6124, 0.6195, 0.635, 0.6433, 0.6365, 0.6547, 0.6565, 0.6687, 0.6666, 0.6856, 0.6871, 0.6767, 0.6884, 0.7043, 0.695, 0.7122, 0.7144, 0.7179, 0.7129, 0.7247, 0.721, 0.7278, 0.7379, 0.7391, 0.7379, 0.7463, 0.7481, 0.7438, 0.7494, 0.7498, 0.7546, 0.7592, 0.7555, 0.7608, 0.7694, 0.7635, 0.7762, 0.7711, 0.7765, 0.7626, 0.7714, 0.7779, 0.7753, 0.7776], "epochs_time": 701.838714838028, "test_loss": 0.647013432532549, "test_acc": 0.7776}