{"train_losses": [1.8946858781682865, 1.340304754121834, 1.104831502413201, 0.942001047646603, 0.8399171547206772, 0.7704604705581275, 0.7073068782649077, 0.6630732343934685, 0.6271586569068986, 0.5895056780951712, 0.5608324607467408, 0.5348471373395847, 0.5066278968625666, 0.48409626032690256, 0.47047857791566483, 0.4456406013130227, 0.43050763536902037, 0.41461033052038354, 0.4003080686416163, 0.38460744307626543, 0.3726871526607162, 0.36342071415975574, 0.3482290633270503, 0.33644549899241505, 0.3259015024241889, 0.3172831418340468, 0.300535084722597, 0.29546662078946445, 0.2897155569947284, 0.27768981353858546, 0.26917015309528924, 0.2610298593521423, 0.2527357520121138, 0.249224168546212, 0.2432288989386595, 0.23520089727838325, 0.23119051489607453, 0.22381606608476784, 0.22021282313729795, 0.21651835396619099, 0.20605984454036064, 0.2043562006119572, 0.19939565065952822, 0.19094518795037818, 0.19238049388312928, 0.18349513999374625, 0.18604160104032672, 0.1816990423156782, 0.17265135714846194, 0.17032097369584892], "val_losses": [1.4355785756171504, 1.178658499747892, 1.0151268975644172, 0.8109674419783339, 0.7441952552976487, 0.735332539187202, 0.6523409685756587, 0.6127100473717798, 0.5801842239084123, 0.5505942841873893, 0.5517215517502797, 0.5306252848498428, 0.49541478104229214, 0.47963680458974234, 0.48079378469080863, 0.46721896529197693, 0.47226875152768966, 0.44568543343604367, 0.43894946160195747, 0.4349441277452662, 0.4472694547870491, 0.42642789362352107, 0.4396558734057825, 0.4398150383671628, 0.4363733633786817, 0.4261550635476656, 0.40700468024875547, 0.3942855953038493, 0.41007323827170117, 0.42091451849364026, 0.4048058384958702, 0.3973384486346305, 0.3934188362541078, 0.38969713807860507, 0.3864488018841683, 0.4075003055077565, 0.3845248035615004, 0.4081767144836957, 0.41845474477055705, 0.37849648428868643, 0.384577187744877, 0.3817645196295992, 0.3889414872738379, 0.3855416680438609, 0.4287415139282806, 0.4029606215750115, 0.3775277498024928, 0.37954224042500123, 0.40496452982667125, 0.40183350783360156], "train_accs": [0.31674, 0.51496, 0.60154, 0.66334, 0.70218, 0.72796, 0.75068, 0.76576, 0.78022, 0.79246, 0.80484, 0.81206, 0.82194, 0.83106, 0.8361, 0.84332, 0.8479, 0.85252, 0.85944, 0.86538, 0.86776, 0.87134, 0.8777, 0.88122, 0.88546, 0.88798, 0.89524, 0.89672, 0.89816, 0.90164, 0.90548, 0.909, 0.9115, 0.91054, 0.91492, 0.91696, 0.91928, 0.92302, 0.92276, 0.92276, 0.92762, 0.92848, 0.92958, 0.9322, 0.93262, 0.93566, 0.93554, 0.93588, 0.93982, 0.94126], "val_accs": [0.4718, 0.5816, 0.6419, 0.7093, 0.7352, 0.7478, 0.7744, 0.7865, 0.7991, 0.808, 0.8092, 0.8183, 0.8305, 0.8368, 0.8339, 0.8439, 0.8402, 0.8503, 0.8546, 0.854, 0.8492, 0.8609, 0.8555, 0.8583, 0.8561, 0.8636, 0.8648, 0.8741, 0.8712, 0.8651, 0.8734, 0.8745, 0.8777, 0.8776, 0.8784, 0.8745, 0.8827, 0.8739, 0.8717, 0.8805, 0.8816, 0.8855, 0.8823, 0.8846, 0.8738, 0.8813, 0.8858, 0.8882, 0.8779, 0.885], "epochs_time": 1567.7118439674377, "test_loss": 0.40183350783360156, "test_acc": 0.885}