{"train_losses": [1.9017700072453947, 1.5367010874407632, 1.4088120077337538, 1.329038324404736, 1.2643569263876702, 1.202096813795518, 1.1473753294166253, 1.0947699711030843, 1.058341646985132, 1.0234696734316495, 0.9967026397281763, 0.9578716703215424, 0.9352472828967231, 0.9073355194865441, 0.8818922870013178, 0.8660603262940232, 0.8452679843318706, 0.823323268671425, 0.8057449523891721, 0.7840738253934043, 0.770545673005435, 0.7546911026750293, 0.7366436300229053, 0.7262455015158167, 0.7181983529304972, 0.7023828470585297, 0.688090945993151, 0.6793904772826603, 0.6690849263449105, 0.6526403886323072, 0.6497707566132351, 0.6352551109632667, 0.6254085563883489, 0.6235141416593474, 0.6131388972304306, 0.600569619207966, 0.5931140798695234, 0.5816387254364637, 0.5718589861478124, 0.5658106612307685, 0.5615300530073594, 0.5520359723239529, 0.5473253225185433, 0.5421489533417079, 0.5297655834227192, 0.5281475963337081, 0.5172799190088194, 0.5066988799644976, 0.4989192326154028, 0.4981356650895002], "val_losses": [1.5102263271808625, 1.3854508072137832, 1.2450934916734695, 1.2094375014305114, 1.125945268571377, 1.0896753057837487, 1.0592826277017593, 1.0191618263721467, 0.9502206683158875, 0.9754249289631843, 0.9384859204292297, 0.8832490086555481, 0.8367971882224083, 0.8229622855782509, 0.8077859207987785, 0.8153816282749176, 0.7967441141605377, 0.748626421391964, 0.7590499892830849, 0.7191946312785149, 0.7093226909637451, 0.7157130509614944, 0.7011027410626411, 0.6720988616347313, 0.7079887509346008, 0.6693775072693825, 0.668988935649395, 0.6970968142151832, 0.6656483545899391, 0.6604771256446839, 0.6530935406684876, 0.629065727442503, 0.6668226107954979, 0.6248953610658645, 0.6290891684591771, 0.6455086715519428, 0.625491713732481, 0.6473214820027351, 0.6306023471057415, 0.6105882249772548, 0.60099927932024, 0.6186550162732601, 0.5793089866638184, 0.6006106682121753, 0.6000479206442833, 0.5795374885201454, 0.6009644657373429, 0.5830026857554913, 0.6081547282636166, 0.5793240390717983], "train_accs": [0.31534, 0.43358, 0.48518, 0.5145, 0.54254, 0.5636, 0.58672, 0.60514, 0.6205, 0.6345, 0.64358, 0.65716, 0.6679, 0.6748, 0.68446, 0.69118, 0.70234, 0.70656, 0.71362, 0.72224, 0.7251, 0.73168, 0.73916, 0.7438, 0.74228, 0.75022, 0.75646, 0.75818, 0.76102, 0.76802, 0.7683, 0.77138, 0.77714, 0.77836, 0.7824, 0.78652, 0.78958, 0.79186, 0.7956, 0.79832, 0.79974, 0.80476, 0.80776, 0.80754, 0.81136, 0.81434, 0.81788, 0.81926, 0.82218, 0.82318], "val_accs": [0.4403, 0.4871, 0.5442, 0.5643, 0.6002, 0.6111, 0.6242, 0.6356, 0.6611, 0.6543, 0.6703, 0.6865, 0.7058, 0.7098, 0.7178, 0.7143, 0.7255, 0.7362, 0.7368, 0.7485, 0.7497, 0.7492, 0.7553, 0.7668, 0.7554, 0.7647, 0.7676, 0.761, 0.7673, 0.7719, 0.7746, 0.7835, 0.7723, 0.7878, 0.7838, 0.7786, 0.7913, 0.7844, 0.7857, 0.796, 0.7956, 0.7925, 0.8035, 0.7973, 0.798, 0.8064, 0.8041, 0.8063, 0.799, 0.806], "epochs_time": 691.3522610664368, "test_loss": 0.5793240390717983, "test_acc": 0.806}