{"train_losses": [1.6602665344063117, 1.3099088881696974, 1.1882961942833297, 1.1095747175265331, 1.047614931452031, 0.9958140874395565, 0.953454995641903, 0.908270118187885, 0.875315540603229, 0.857996936051213, 0.8319064503421589, 0.8036069720983505, 0.7848477141589535, 0.7652959160658778, 0.7442900282996041, 0.7282481418580425, 0.7183844389355912, 0.6978810756486289, 0.6823199385282944, 0.6665896592395646, 0.6541817808637813, 0.64257791334269, 0.6302834137970087, 0.6173545316774018, 0.6130770755057432, 0.5975624467341267, 0.5864292329975537, 0.5779960652699276, 0.5680212313119246, 0.5570694214227249, 0.5493003627171322, 0.5399242558953713, 0.5297732795683705, 0.524836679198304, 0.5166257666994114, 0.5071439251911883, 0.4998541627915538, 0.4873380531765977, 0.48364232936683965, 0.46918709043945583, 0.4686080054665098, 0.46362544140037226, 0.4585935370046265, 0.44564884642557223, 0.43581943061887, 0.4395879587652732, 0.4292082657315293, 0.420418171402143, 0.4134966629196186, 0.40859674114962014], "val_losses": [1.2441914945840835, 1.1488823205232621, 1.028896552324295, 0.9396055221557618, 0.9013998851180076, 0.8699747905135155, 0.8307883709669113, 0.8007158428430557, 0.7826301991939545, 0.7779882028698921, 0.7615319833159446, 0.7235935762524605, 0.7145540580153465, 0.6840827614068985, 0.6927248582243919, 0.6804285570979118, 0.6549933597445488, 0.6525222092866898, 0.6449703484773636, 0.6260764881968498, 0.630142392218113, 0.6134145841002464, 0.6271175675094127, 0.6075033329427242, 0.5955285303294658, 0.5994824595749378, 0.5910999573767185, 0.5873773328959941, 0.578134310990572, 0.5896654948592186, 0.5800199203193188, 0.5631162986159325, 0.5581018298864364, 0.5557158850133419, 0.5605434708297252, 0.5541886895895004, 0.545232218503952, 0.5471248537302017, 0.5280372954905033, 0.5370996922254563, 0.5371430084109307, 0.5510373018682003, 0.5269233725965023, 0.5190629109740257, 0.5196817949414253, 0.5358033373951911, 0.5336887389421463, 0.5308112427592278, 0.5221794284880161, 0.5206363245844841], "train_accs": [0.41386, 0.52902, 0.5734, 0.6041, 0.62706, 0.64602, 0.66304, 0.6758, 0.6895, 0.69658, 0.70512, 0.71508, 0.72218, 0.72976, 0.73394, 0.74364, 0.7447, 0.75396, 0.76166, 0.76386, 0.76808, 0.77232, 0.7748, 0.7825, 0.78472, 0.78996, 0.79234, 0.79488, 0.7988, 0.8038, 0.80506, 0.80824, 0.81418, 0.81346, 0.8173, 0.82118, 0.82352, 0.82754, 0.82856, 0.83498, 0.83508, 0.8378, 0.83666, 0.84308, 0.8484, 0.84442, 0.8492, 0.85178, 0.85416, 0.85536], "val_accs": [0.5478, 0.5919, 0.6345, 0.667, 0.6765, 0.6921, 0.7096, 0.7168, 0.7256, 0.729, 0.7282, 0.7466, 0.7502, 0.7687, 0.7646, 0.7619, 0.7756, 0.7726, 0.7816, 0.7847, 0.7825, 0.7896, 0.7845, 0.7897, 0.7976, 0.7967, 0.796, 0.7992, 0.8011, 0.8007, 0.8025, 0.8093, 0.8112, 0.8112, 0.8114, 0.8115, 0.8142, 0.8155, 0.8182, 0.818, 0.8208, 0.8188, 0.8203, 0.8268, 0.8231, 0.8249, 0.8241, 0.8263, 0.8268, 0.8264], "epochs_time": 710.5493395328522, "test_loss": 0.5206363245844841, "test_acc": 0.8264}