{"train_losses": [1.9517719642240174, 1.573283621851279, 1.4280345008081319, 1.3328047279192476, 1.2483712915255099, 1.1855301413000847, 1.1296569583367329, 1.075312493102891, 1.0332331262072738, 1.0013432928494044, 0.9658633838502728, 0.9292623580110316, 0.9016169276164503, 0.8821337597102535, 0.8513222263783825, 0.8331701883247921, 0.813504295689719, 0.785342520901135, 0.770117675163308, 0.7528739678008216, 0.7352760181743272, 0.7223261689044991, 0.6999486526664422, 0.6886213884061697, 0.6791820589985166, 0.6671314257748273, 0.6545238811142591, 0.640199142907347, 0.6299414224162394, 0.6159063179273995, 0.6029995842551699, 0.593692919733573, 0.5805081440782061, 0.5796947506617527, 0.567319925038182, 0.5580375062263742, 0.5480086383770923, 0.5309861787423795, 0.5287266645808609, 0.5171499770818925, 0.5098946763544666, 0.5060328958289964, 0.49739299881823207, 0.49333467288893096, 0.4829924518660623, 0.47715812906318783, 0.46649577362196787, 0.4566119367979011, 0.4513970063048966, 0.4443671105771649], "val_losses": [1.5588465631008148, 1.423154628276825, 1.2515695542097092, 1.1910537123680114, 1.1265401095151901, 1.0546164825558662, 1.0236845418810845, 0.9595537766814232, 0.943979649245739, 0.9400257363915443, 0.9344333216547966, 0.8452743694186211, 0.8332393199205399, 0.8031927570700645, 0.7961738780140877, 0.7811592608690262, 0.7907423079013824, 0.7460111111402512, 0.7357514917850494, 0.7201224431395531, 0.7011357381939888, 0.7044681519269943, 0.6913903802633286, 0.6763246223330498, 0.6770704194903374, 0.6681586921215057, 0.6495680913329125, 0.6498570322990418, 0.63315414711833, 0.6501668721437455, 0.6345922134816646, 0.6225491017103195, 0.6247498035430908, 0.6055026732385158, 0.6415398932993412, 0.6205000698566436, 0.6055956020951271, 0.6293618828058243, 0.6090565547347069, 0.6114303834736348, 0.5879234485328197, 0.5915726318955421, 0.573260984569788, 0.5857726261019707, 0.5906223557889462, 0.581081910431385, 0.5868562988936901, 0.5858551397919655, 0.6174980692565442, 0.5923792153596878], "train_accs": [0.30204, 0.42424, 0.48014, 0.51572, 0.54604, 0.57092, 0.594, 0.60994, 0.62772, 0.64264, 0.6533, 0.6664, 0.67736, 0.68624, 0.69444, 0.7017, 0.71034, 0.72028, 0.7257, 0.7321, 0.73758, 0.74296, 0.75102, 0.75574, 0.75888, 0.76286, 0.7675, 0.77288, 0.77756, 0.78144, 0.78708, 0.7885, 0.79384, 0.79424, 0.7961, 0.80078, 0.80554, 0.81078, 0.81424, 0.81586, 0.81836, 0.8201, 0.82184, 0.82398, 0.82916, 0.8308, 0.83468, 0.83738, 0.83944, 0.84202], "val_accs": [0.4274, 0.4775, 0.5406, 0.5631, 0.5944, 0.6179, 0.6354, 0.6583, 0.6667, 0.6671, 0.6667, 0.7042, 0.7075, 0.7205, 0.7239, 0.7275, 0.7255, 0.7387, 0.7454, 0.7518, 0.7588, 0.7608, 0.7649, 0.7636, 0.7726, 0.7723, 0.7759, 0.7762, 0.7845, 0.7788, 0.7867, 0.7876, 0.7867, 0.7936, 0.7877, 0.7933, 0.8008, 0.7912, 0.7977, 0.7984, 0.8037, 0.8021, 0.8076, 0.8057, 0.8042, 0.8088, 0.8109, 0.8154, 0.8033, 0.8096], "epochs_time": 1697.0437729358673, "test_loss": 0.5923792153596878, "test_acc": 0.8096}