{"train_losses": [1.7438679201828549, 1.3006449007927, 1.112118235329533, 0.9807100424071407, 0.9017378931765057, 0.8286424849344336, 0.7704255634256642, 0.7339414123379057, 0.6981308182791981, 0.6680502335128882, 0.639320237404855, 0.6138349131245138, 0.5823208843655598, 0.5647700214020127, 0.5491456863520395, 0.5269251094602257, 0.5078679124260193, 0.4986140190640374, 0.4752525666638104, 0.46389283464692743, 0.45136796486804553, 0.43577944378718697, 0.42520892128462684, 0.4131451608122462, 0.4019897742115933, 0.3903828683640341, 0.3786920593751361, 0.36573477245657643, 0.3607681865429939, 0.34992121274361526, 0.339465282457259, 0.3311725498541542, 0.32386207927370925, 0.31425077115635736, 0.31184795750376515, 0.29639290078826575, 0.2880056907834909, 0.2855015804471872, 0.2795857152403773, 0.2725872456112786, 0.26276943562052135, 0.2645038153852343, 0.25128590445155685, 0.24996443445344105, 0.24602367119182406, 0.24075080761138132, 0.22812941866686276, 0.23058852984014985, 0.22757735966569018, 0.21644206608042998], "val_losses": [1.3062647445292412, 1.0860882793800741, 0.9757608492163163, 0.8695571324493312, 0.7549285066278675, 0.7470190464695797, 0.6796594269667999, 0.6510685459722446, 0.6222028132480911, 0.5813165680517124, 0.5805038055287132, 0.5645491318612159, 0.5341339692284789, 0.5228671944594081, 0.5264683545013017, 0.5168381703050831, 0.5251190790647193, 0.4937676357317574, 0.5113094784790957, 0.49716407739663426, 0.5015319763105127, 0.4765865912165823, 0.49913159258003476, 0.5006989631094511, 0.4824533015489578, 0.4840655379657504, 0.48323965072631836, 0.4738208253549624, 0.47011062069029746, 0.4793607119140746, 0.49676868055440204, 0.4574614455805549, 0.46150248460000076, 0.4556609378962577, 0.45830737789974935, 0.4729110185481325, 0.46900357419176947, 0.49274816165996504, 0.4438537843996965, 0.4775157201139233, 0.4703397369837459, 0.4734567178389694, 0.4537622362752504, 0.4774175738986534, 0.4799318321143525, 0.47350537946707083, 0.4729073328685157, 0.4757671099674853, 0.4688844050787672, 0.46636685974235775], "train_accs": [0.36958, 0.53036, 0.60036, 0.6495, 0.67958, 0.70626, 0.7265, 0.74086, 0.75302, 0.76592, 0.77556, 0.78314, 0.79514, 0.7996, 0.8074, 0.81386, 0.82254, 0.82298, 0.8312, 0.8381, 0.8394, 0.84672, 0.84922, 0.85572, 0.85772, 0.8631, 0.86574, 0.87068, 0.87142, 0.87662, 0.88082, 0.88292, 0.8853, 0.88916, 0.88892, 0.89538, 0.89876, 0.89806, 0.90084, 0.9036, 0.90822, 0.906, 0.91194, 0.91214, 0.9135, 0.91474, 0.91996, 0.91846, 0.92038, 0.92274], "val_accs": [0.5138, 0.6053, 0.6583, 0.6912, 0.7266, 0.738, 0.7597, 0.7717, 0.7849, 0.8002, 0.7955, 0.8031, 0.8176, 0.8186, 0.8199, 0.821, 0.8242, 0.8298, 0.8296, 0.8327, 0.8336, 0.8398, 0.8394, 0.8405, 0.8434, 0.8439, 0.8434, 0.8463, 0.8533, 0.849, 0.8498, 0.8555, 0.8585, 0.8584, 0.86, 0.8511, 0.8579, 0.8544, 0.8662, 0.8587, 0.8665, 0.8626, 0.8653, 0.8664, 0.8635, 0.8669, 0.8614, 0.8662, 0.8681, 0.8679], "epochs_time": 1562.6365876197815, "test_loss": 0.46636685974235775, "test_acc": 0.8679}