{"train_losses": [1.722929801259722, 1.3420736832278115, 1.1839309246564398, 1.0728128205756753, 0.9886180414837233, 0.9215418614295064, 0.8715319408445942, 0.8248130283793624, 0.7898403308829482, 0.7602640372149798, 0.7310184900249753, 0.7017024013460899, 0.6789976464850562, 0.660595253109932, 0.6381459851958313, 0.62069471408518, 0.6038576966645767, 0.5795614279958666, 0.5686445360889241, 0.5554179229906627, 0.5391257342939474, 0.5241268680107837, 0.5070055286799159, 0.49707086505938547, 0.49089048878878966, 0.47549156099557877, 0.4661717493923343, 0.4541143683754668, 0.4390005913315987, 0.4279313213667091, 0.4225662394749875, 0.4154692704276163, 0.40154027330632114, 0.39891185170533705, 0.38373961710200016, 0.3777214888559312, 0.3706329806270648, 0.35273758200358374, 0.35320552674179173, 0.3390098675629314, 0.3369742485941673, 0.33195893998656956, 0.3220809424410061, 0.31526709256731733, 0.30610283228511714, 0.306188705320261, 0.29377268908583387, 0.288090709064688, 0.28000758565506156, 0.27955619504257123], "val_losses": [1.3813101962208747, 1.1835439562797547, 1.019185370206833, 0.970609325170517, 0.8681287422776223, 0.8162696093320847, 0.8177794188261032, 0.7529791831970215, 0.7129325821995736, 0.7276962712407112, 0.7046337470412254, 0.6643621295690536, 0.6315715990960598, 0.614174997061491, 0.6011411264538765, 0.5956109203398228, 0.563201405107975, 0.5646027408540248, 0.5763745211064816, 0.5640841595828533, 0.5557914659380913, 0.5794142305850982, 0.5418393395841121, 0.5333595037460327, 0.5512272968888283, 0.554939404129982, 0.5310709811747074, 0.5331604212522507, 0.5108345985412598, 0.5176684014499188, 0.558037967979908, 0.5115132234990597, 0.5297064542770386, 0.5108704328536987, 0.5198749586939811, 0.5400429651141166, 0.5209466025233269, 0.5145569041371345, 0.5044549949467182, 0.5071707129478454, 0.5062171652913093, 0.5323774665594101, 0.4916888616979122, 0.514767350256443, 0.5088072724640369, 0.5196499302983284, 0.5285320766270161, 0.5353677704930305, 0.530404781550169, 0.5080003619194031], "train_accs": [0.3841, 0.51478, 0.57164, 0.61548, 0.64644, 0.66982, 0.69238, 0.70818, 0.71938, 0.72904, 0.74038, 0.74992, 0.75988, 0.76526, 0.77198, 0.7824, 0.78504, 0.79602, 0.79928, 0.80368, 0.81096, 0.81508, 0.82126, 0.82418, 0.82608, 0.83204, 0.83464, 0.83954, 0.84534, 0.84998, 0.84926, 0.85154, 0.8582, 0.85866, 0.86458, 0.86546, 0.86858, 0.8757, 0.87674, 0.88044, 0.8815, 0.8816, 0.8857, 0.8887, 0.89118, 0.89176, 0.89574, 0.89848, 0.90136, 0.90178], "val_accs": [0.4982, 0.5765, 0.6335, 0.6548, 0.6915, 0.7113, 0.7096, 0.7355, 0.7519, 0.7466, 0.7557, 0.7659, 0.7825, 0.7877, 0.793, 0.7979, 0.8056, 0.8078, 0.8021, 0.8078, 0.8091, 0.8051, 0.8146, 0.8191, 0.8103, 0.817, 0.822, 0.8249, 0.8283, 0.8295, 0.8218, 0.8316, 0.829, 0.8342, 0.8334, 0.8291, 0.8353, 0.8373, 0.8379, 0.8388, 0.8404, 0.8348, 0.8422, 0.8418, 0.8405, 0.8424, 0.8442, 0.8419, 0.8416, 0.8446], "epochs_time": 689.4044630527496, "test_loss": 0.5080003619194031, "test_acc": 0.8446}