{"train_losses": [1.8563162588402438, 1.4152123425012963, 1.2495494451364288, 1.135256325040022, 1.0610214237057034, 0.9854745131624324, 0.9283000369510992, 0.8822614512480128, 0.8429806436724065, 0.8104016247307858, 0.7721823584240721, 0.7486095340812907, 0.7132089516848249, 0.6973210556427841, 0.6772734918405333, 0.6543906564297883, 0.6332397801644357, 0.6215654847109714, 0.5984122842321615, 0.5817178764459118, 0.5677231964095474, 0.5557893385057864, 0.5440833939005957, 0.5279945512409405, 0.5140237785361307, 0.5045154499428351, 0.4909963639038603, 0.47677135532316955, 0.4722356482235062, 0.46423542248013683, 0.4422744522466684, 0.4348181826455514, 0.4337266843642115, 0.4144451336939926, 0.410179248589384, 0.3988137519191903, 0.38946744582384746, 0.3818276029870943, 0.36999104608355277, 0.3678468226852929, 0.3581683875807106, 0.35643864424942096, 0.33758627827210197, 0.3392141935465586, 0.3343620200062652, 0.3223125700221952, 0.31320178992760456, 0.31228617310066664, 0.30667843766834424, 0.2953057536459945], "val_losses": [1.4210631334328954, 1.1827312987061995, 1.0804803190352041, 0.9986367353910133, 0.9013796637329874, 0.8734480768819398, 0.8461545577532128, 0.8287094009073475, 0.7395970202699492, 0.727872379972965, 0.7063597719880599, 0.6841872998430759, 0.6535489698754081, 0.6443245490140552, 0.6118104812465136, 0.615573456015768, 0.6025887720192535, 0.5951828239839289, 0.5962180582028401, 0.5749041502234302, 0.5847740724116941, 0.5520756259749208, 0.5559516643421559, 0.551001190384732, 0.5525554995748061, 0.5390487947041476, 0.5462173257447496, 0.5633087041257303, 0.5329585188551794, 0.5523369957374621, 0.5272909052009824, 0.5430724783034264, 0.5182021992116035, 0.5142171265958231, 0.5058145858818972, 0.521982345211355, 0.5246940451332286, 0.5085953017578849, 0.5087543201597431, 0.5277736026652252, 0.5214169391348392, 0.533471249326875, 0.5281751831121082, 0.531165991025635, 0.5477629571775847, 0.5152389365660993, 0.536169892247719, 0.5230842696715005, 0.509053452859951, 0.5224448465093782], "train_accs": [0.3354, 0.48446, 0.55004, 0.59316, 0.6219, 0.64884, 0.66828, 0.68612, 0.70042, 0.71142, 0.72624, 0.73434, 0.74658, 0.75418, 0.75936, 0.76906, 0.77566, 0.77892, 0.78854, 0.79334, 0.79886, 0.80316, 0.80644, 0.81396, 0.81896, 0.82206, 0.82562, 0.83068, 0.83202, 0.83554, 0.84344, 0.84482, 0.84562, 0.85428, 0.8549, 0.86012, 0.86098, 0.86486, 0.86774, 0.86916, 0.87242, 0.87384, 0.88026, 0.87842, 0.88114, 0.8855, 0.89058, 0.88962, 0.89238, 0.89636], "val_accs": [0.4749, 0.5738, 0.6144, 0.6412, 0.6772, 0.6878, 0.6985, 0.7044, 0.7411, 0.7438, 0.757, 0.7651, 0.7771, 0.7778, 0.7905, 0.7908, 0.7933, 0.7972, 0.7987, 0.8067, 0.8055, 0.8157, 0.8147, 0.8122, 0.8171, 0.8237, 0.8256, 0.8185, 0.8254, 0.8201, 0.8301, 0.8265, 0.8371, 0.8369, 0.8387, 0.8323, 0.8319, 0.8405, 0.8395, 0.8412, 0.837, 0.8407, 0.8356, 0.8428, 0.8349, 0.8455, 0.8463, 0.8423, 0.8486, 0.8456], "epochs_time": 1581.0824267864227, "test_loss": 0.5224448465093782, "test_acc": 0.8456}