{"train_losses": [1.8040235346677351, 1.4796791380765486, 1.3339876027739779, 1.2307422471289733, 1.1530682973715725, 1.0981668908985294, 1.0495528393253988, 1.0005433008987077, 0.973302814121149, 0.9432330393061346, 0.9164195997374398, 0.8944079434993316, 0.8677260124561738, 0.8467956075862962, 0.8249488314803766, 0.8017815257213554, 0.7846343794039318, 0.7624817378058726, 0.7505049249347375, 0.7319422908583466, 0.7211582070710708, 0.6999821322304862, 0.6884986688287891, 0.673413373073753, 0.6597503463224489, 0.6497652095799543, 0.6356105813566519, 0.6186035026092919, 0.615457894546645, 0.5987272653348592, 0.5899330532672454, 0.5859621814927276, 0.5764511110527175, 0.5674652857135754, 0.5555182105424453, 0.5510815232992172, 0.5418972366926621, 0.5303891132376632, 0.529171670121806, 0.5176249964504825, 0.5129200826798167, 0.5029444087828908, 0.4956942597518162, 0.4892842710322263, 0.47577743794845073, 0.47500712226848213, 0.4705692443008326, 0.4597329971741657, 0.45245818428847256, 0.45000038143931603], "val_losses": [1.5496265083551406, 1.3539460182189942, 1.3066760897636414, 1.1431342139840126, 1.095141053199768, 1.030104885995388, 1.0051951944828033, 0.9674125537276268, 0.9943198814988137, 0.9402494549751281, 0.876120325922966, 0.9469304352998733, 0.8468062162399292, 0.8161920383572578, 0.787551186978817, 0.8028510794043541, 0.7872265458106995, 0.7652530372142792, 0.7155540898442269, 0.6972334027290344, 0.6833940118551254, 0.7239158913493157, 0.6781685218214989, 0.6509358987212182, 0.6549941763281822, 0.6645856179296971, 0.6737699121236801, 0.6171053275465965, 0.6260146200656891, 0.6203098341822624, 0.6026683039963245, 0.6388966426253319, 0.5865819379687309, 0.5910387314856053, 0.5842535071074962, 0.5915744006633759, 0.5917928799986839, 0.5879987351596355, 0.5704108409583568, 0.5636553019285202, 0.6004569321870804, 0.5635429248213768, 0.5820190079510212, 0.5427114814519882, 0.5790036372840405, 0.5526824809610844, 0.5544791698455811, 0.5502731651067734, 0.5601456761360168, 0.5376074343919754], "train_accs": [0.33972, 0.46094, 0.51474, 0.55602, 0.5866, 0.60802, 0.62334, 0.64112, 0.65368, 0.6644, 0.67466, 0.68248, 0.69064, 0.69778, 0.70648, 0.7165, 0.72106, 0.73082, 0.73552, 0.74122, 0.74552, 0.75346, 0.75548, 0.76384, 0.76698, 0.76956, 0.77458, 0.78374, 0.7836, 0.7897, 0.79004, 0.79408, 0.79572, 0.79942, 0.80468, 0.80694, 0.8083, 0.81404, 0.81464, 0.81724, 0.81906, 0.82226, 0.82422, 0.82578, 0.83224, 0.83358, 0.83364, 0.8382, 0.84048, 0.84216], "val_accs": [0.4426, 0.5084, 0.5277, 0.5869, 0.6075, 0.6339, 0.642, 0.6582, 0.6482, 0.6651, 0.6894, 0.6619, 0.6983, 0.7116, 0.7216, 0.7125, 0.7222, 0.734, 0.7465, 0.7549, 0.7617, 0.7441, 0.7627, 0.7732, 0.7706, 0.7638, 0.7683, 0.7818, 0.7806, 0.7794, 0.7916, 0.7791, 0.7973, 0.7986, 0.8014, 0.7959, 0.7985, 0.8007, 0.8017, 0.8062, 0.795, 0.8074, 0.8001, 0.813, 0.8004, 0.81, 0.8105, 0.8117, 0.8085, 0.8163], "epochs_time": 680.4600250720978, "test_loss": 0.5376074343919754, "test_acc": 0.8163}