{"train_losses": [1.974560592855726, 1.616438087151975, 1.4741613609450204, 1.382449521702163, 1.306432269057449, 1.237187349674653, 1.1775182175393006, 1.1277323270938835, 1.0831610098177074, 1.0519674234852499, 1.010547132516394, 0.977214381706958, 0.949029129682755, 0.9235025607809728, 0.9018136259852624, 0.8767852022939798, 0.8529413673950701, 0.8327380148123722, 0.819930416892986, 0.7964454013474134, 0.7814185664970048, 0.7626739956286489, 0.7477138754056425, 0.7316935250953752, 0.721493314419474, 0.7069900139253966, 0.6980944418785523, 0.6800381304049978, 0.6681812435996776, 0.6577023334649145, 0.645531931549919, 0.6318027027407471, 0.6235925062578551, 0.6180589611128885, 0.6082637972977697, 0.6021156216762504, 0.590262695234649, 0.582093241263409, 0.5712479941394865, 0.5618508991842367, 0.5548142781671213, 0.5455943403803573, 0.5392588354191001, 0.5293969965102722, 0.5250868982806498, 0.5233307874628476, 0.5137355488782026, 0.5025429027725239, 0.5020048817505642, 0.48815997157778057], "val_losses": [1.6126228898763657, 1.4189776867628097, 1.2974949672818183, 1.2343688666820527, 1.1636491283774375, 1.099623765051365, 1.0508524373173713, 1.0141152501106263, 0.9633313104510307, 0.9434206873178482, 0.9080399304628373, 0.8725862845778465, 0.8541070923209191, 0.8222603857517242, 0.8049181908369064, 0.7952886775135994, 0.7872829079627991, 0.7661978527903557, 0.757250252366066, 0.7563710644841194, 0.7237389892339706, 0.7180206120014191, 0.698303796350956, 0.6942965254187584, 0.6801512598991394, 0.6849155753850937, 0.6452416062355042, 0.6847839415073395, 0.6586318887770176, 0.6269583560526371, 0.6561218671500683, 0.6396951481699944, 0.6354169875383378, 0.6074948772788048, 0.6083785720169544, 0.5965951398015022, 0.6100527107715606, 0.607125174999237, 0.5980099238455295, 0.5883707389235496, 0.5837234579026699, 0.5958082646131515, 0.5704631388187409, 0.5805904179811477, 0.5738865755498409, 0.5687420517206192, 0.563621474057436, 0.5552711717784404, 0.5768808357417583, 0.5575945913791657], "train_accs": [0.26886, 0.3993, 0.4573, 0.49258, 0.52436, 0.54852, 0.57148, 0.5936, 0.60844, 0.62072, 0.6334, 0.64862, 0.66212, 0.67032, 0.67802, 0.68854, 0.69668, 0.70338, 0.7071, 0.71598, 0.72292, 0.72978, 0.73354, 0.73914, 0.7425, 0.74842, 0.75088, 0.75766, 0.76278, 0.76652, 0.77078, 0.77588, 0.78138, 0.7813, 0.78368, 0.78592, 0.79186, 0.79412, 0.79796, 0.80032, 0.80304, 0.80668, 0.80846, 0.81326, 0.81384, 0.8147, 0.8178, 0.8227, 0.82082, 0.82816], "val_accs": [0.3932, 0.4711, 0.5283, 0.5514, 0.5802, 0.6059, 0.6214, 0.6344, 0.6535, 0.658, 0.6781, 0.6875, 0.6943, 0.7031, 0.7122, 0.7206, 0.7192, 0.7318, 0.7343, 0.739, 0.7441, 0.747, 0.7531, 0.7525, 0.7558, 0.762, 0.7738, 0.761, 0.7667, 0.7802, 0.7695, 0.7785, 0.7814, 0.7907, 0.7937, 0.7945, 0.7916, 0.792, 0.796, 0.7973, 0.7997, 0.7962, 0.8047, 0.8043, 0.8068, 0.8073, 0.8112, 0.8104, 0.8048, 0.8117], "epochs_time": 1472.282641172409, "test_loss": 0.5575945913791657, "test_acc": 0.8117}