{"train_losses": [1.7135096788406372, 1.3056978169752627, 1.1442761749637371, 1.0279737929908597, 0.9403119987371017, 0.8656918446020204, 0.7998284600218948, 0.7493977832550905, 0.709610007855357, 0.6717581910138227, 0.6385656239426866, 0.6084869616493886, 0.5868117435246097, 0.561799803102503, 0.5468087343841183, 0.5146405117548242, 0.5033631809816068, 0.48852767962582255, 0.4695467465386099, 0.45468990565562734, 0.4362750915544374, 0.4217244309126114, 0.41503036752039074, 0.39805733184425196, 0.38965832685329477, 0.38442589464236276, 0.36766289676330527, 0.35671395169837133, 0.34804184955297685, 0.33697659887221393, 0.3316229597798416, 0.32655077404817756, 0.31598192377358064, 0.30433071298258646, 0.29787695514304297, 0.29175471537271325, 0.28303912456850616, 0.27712351691966153, 0.27352709338373066, 0.2653448787726918, 0.2593021075792459, 0.24675677602692525, 0.24712100146072252, 0.24401748933050096, 0.23937902744023168, 0.23243712573027125, 0.23081621291990184, 0.2212592624888128, 0.21619714119908762, 0.21432299250546766], "val_losses": [1.3551332026720047, 1.141405037045479, 1.0446127876639366, 0.9213095232844353, 0.8588254198431968, 0.8037833705544472, 0.7410321041941643, 0.7164420247077942, 0.676533953845501, 0.6569599792361259, 0.6219980023801327, 0.5757024176418781, 0.5563152775168418, 0.5432627759873867, 0.5246802948415279, 0.5508360624313354, 0.56558748036623, 0.4923451513051987, 0.5198799282312393, 0.5073037579655647, 0.4731254056096077, 0.48495992869138715, 0.4738184869289398, 0.4581384569406509, 0.4655563585460186, 0.4667738892138004, 0.4764516785740852, 0.461850456148386, 0.46024570167064666, 0.4501157358288765, 0.45306387171149254, 0.4458529256284237, 0.4573148049414158, 0.46363588869571687, 0.46652411967515944, 0.44039966017007826, 0.444136968255043, 0.4287487767636776, 0.425640968978405, 0.42268062457442285, 0.4166548937559128, 0.4235175997018814, 0.459111188352108, 0.4297445736825466, 0.4378596477210522, 0.4434892423450947, 0.4329425886273384, 0.4190127871930599, 0.4311409056186676, 0.42653816342353823], "train_accs": [0.376, 0.52922, 0.5899, 0.632, 0.66514, 0.69044, 0.71732, 0.73408, 0.74878, 0.76156, 0.77466, 0.78512, 0.7931, 0.8023, 0.81098, 0.82144, 0.82244, 0.82818, 0.83488, 0.83988, 0.84694, 0.8518, 0.85348, 0.86072, 0.8626, 0.86516, 0.87064, 0.87502, 0.87746, 0.8824, 0.88346, 0.88526, 0.88796, 0.89406, 0.89548, 0.89816, 0.90112, 0.90342, 0.90466, 0.90604, 0.90854, 0.91502, 0.91426, 0.9132, 0.91602, 0.91816, 0.9191, 0.9223, 0.92278, 0.92548], "val_accs": [0.5151, 0.5955, 0.6306, 0.6744, 0.7, 0.7176, 0.7387, 0.7564, 0.7662, 0.7731, 0.7863, 0.7993, 0.808, 0.8105, 0.8211, 0.811, 0.8122, 0.8294, 0.8271, 0.8315, 0.8381, 0.8396, 0.8387, 0.8489, 0.8476, 0.8439, 0.8398, 0.8455, 0.8514, 0.8505, 0.8523, 0.8568, 0.8522, 0.8523, 0.8524, 0.8593, 0.8596, 0.862, 0.8663, 0.867, 0.8664, 0.8691, 0.8596, 0.8669, 0.8674, 0.8644, 0.8694, 0.8719, 0.8726, 0.8724], "epochs_time": 683.112612247467, "test_loss": 0.42653816342353823, "test_acc": 0.8724}