{"train_losses": [1.9087842489991869, 1.5885568553087663, 1.454372623745276, 1.3637609378415712, 1.282374087645083, 1.2143234166563774, 1.1560070596787395, 1.1072437729762525, 1.0638956132591988, 1.0286887342832527, 0.9941144357530438, 0.961167573928833, 0.935110900170949, 0.910706389923485, 0.8825947386877877, 0.861952545995615, 0.837205847003022, 0.821338409671978, 0.8012756696160959, 0.7859249367397658, 0.7743850101013573, 0.7538628973522965, 0.7436158021493834, 0.7250498989406897, 0.7189187077539307, 0.7017162728066347, 0.6951276232697525, 0.6815407242701979, 0.6692700592838988, 0.6566583832003632, 0.6402004709353253, 0.633040154770929, 0.630405633425226, 0.6202205636975716, 0.6094112936027196, 0.6060931133676548, 0.5925011009890206, 0.5914874149828541, 0.579218677264087, 0.5707425707761122, 0.5608054638213041, 0.5536587308255994, 0.5418840050697327, 0.5399521972451892, 0.5312423029420327, 0.5259859920764456, 0.5223877258142646, 0.5150763345312099, 0.5121453085115978, 0.5044920087164763], "val_losses": [1.5561550170183183, 1.4074404954910278, 1.3131113052368164, 1.2272498816251756, 1.1350253075361252, 1.0884968161582946, 1.0428800791502, 1.0067604660987854, 0.9482215970754624, 0.9392381399869919, 0.8674208611249924, 0.8817123726010323, 0.8343241274356842, 0.8246416270732879, 0.7910238027572631, 0.7810303047299385, 0.7692010328173637, 0.7784232452511788, 0.7529006212949753, 0.7379066228866578, 0.724594084918499, 0.7081460326910018, 0.6978521540760994, 0.684266796708107, 0.6724135220050812, 0.6629131510853767, 0.6567626684904099, 0.6574553743004798, 0.6446813873946666, 0.6307452946901322, 0.6410541877150535, 0.6288291126489639, 0.6166218280792236, 0.6029938943684101, 0.6134672053158283, 0.6115770593285561, 0.592942401766777, 0.6099314540624619, 0.5837458431720733, 0.5753607310354709, 0.5732740849256516, 0.601059552282095, 0.5720614865422249, 0.5730127722024918, 0.5594444923102856, 0.5611659869551658, 0.5839589931070804, 0.5496791191399097, 0.5897640533745289, 0.5626674637198448], "train_accs": [0.29744, 0.4146, 0.46908, 0.50182, 0.5322, 0.55854, 0.58384, 0.60298, 0.6174, 0.6301, 0.64308, 0.65624, 0.6648, 0.6742, 0.6828, 0.69228, 0.70112, 0.70882, 0.71466, 0.71946, 0.72516, 0.73302, 0.7357, 0.74182, 0.74664, 0.74944, 0.75412, 0.75594, 0.76334, 0.76776, 0.7723, 0.77568, 0.77854, 0.77882, 0.78476, 0.78426, 0.79088, 0.78976, 0.79684, 0.79856, 0.80016, 0.8038, 0.80742, 0.80898, 0.81034, 0.8152, 0.81616, 0.81634, 0.81958, 0.82262], "val_accs": [0.4201, 0.4806, 0.523, 0.5535, 0.5891, 0.6119, 0.6234, 0.639, 0.6653, 0.6656, 0.6887, 0.6866, 0.7046, 0.7069, 0.7219, 0.7232, 0.7275, 0.7252, 0.7393, 0.7449, 0.7478, 0.7524, 0.7599, 0.7605, 0.7676, 0.7703, 0.7798, 0.7722, 0.7736, 0.7846, 0.7769, 0.7837, 0.7866, 0.7909, 0.7871, 0.7918, 0.7967, 0.7932, 0.8045, 0.8057, 0.8034, 0.7941, 0.8051, 0.8034, 0.8116, 0.8078, 0.8039, 0.8137, 0.8037, 0.8092], "epochs_time": 693.3558897972107, "test_loss": 0.5626674637198448, "test_acc": 0.8092}