{"train_losses": [1.6389490487624188, 1.318662543077858, 1.1854664659013554, 1.0976950577935394, 1.0265329766030213, 0.9777799513267011, 0.9330673506673501, 0.8937258769054802, 0.8663904210742639, 0.8418762434502037, 0.813672639581622, 0.792136685276518, 0.7729699292353222, 0.7508360034957224, 0.7344263752504271, 0.7142956597464425, 0.6989110975849385, 0.6836018367689483, 0.6736430978896667, 0.6566874713313823, 0.6412579350325526, 0.6360640273410447, 0.6227149771792548, 0.6067096618365269, 0.6006294774765871, 0.5891870283046547, 0.5828640127972681, 0.5690149686166218, 0.5588215872341272, 0.5475260542363537, 0.5353978074022702, 0.5270176919139161, 0.5206777856362109, 0.5097721051804873, 0.5019666847525811, 0.5035056201170902, 0.48945246545635923, 0.48629301862449065, 0.47240011652513425, 0.4635710599167006, 0.4591200258962962, 0.45058114978731895, 0.44214383375887967, 0.43732908672215987, 0.43027309875707237, 0.4246092879650544, 0.42037742949870166, 0.4138071848725786, 0.4095174159322466, 0.40076347318839056], "val_losses": [1.291706696152687, 1.1135010793805122, 1.0143834933638574, 0.9482042193412781, 0.9101143658161164, 0.866870467364788, 0.8443268120288849, 0.7814400777220726, 0.7508979678153992, 0.7402201756834984, 0.7047270134091377, 0.6939039707183838, 0.6695162385702134, 0.6851860612630845, 0.660438223183155, 0.6337789878249168, 0.6522510282695293, 0.6423100739717483, 0.6236060082912445, 0.6298707962036133, 0.6102189853787422, 0.615592934191227, 0.595822686702013, 0.5828310675919056, 0.5635448537766934, 0.558505529910326, 0.5790953271090984, 0.5877817176282406, 0.5466725692152977, 0.5414366155862809, 0.5410506218671799, 0.5578657805919647, 0.5468195781111718, 0.5177628800272942, 0.5347246989607811, 0.5166458047926425, 0.5223615974187851, 0.5222097560763359, 0.524829525500536, 0.52903251349926, 0.5168997459113598, 0.5133980050683021, 0.5018281631171704, 0.4955914355814457, 0.5050736792385578, 0.5250017158687115, 0.5049209170043468, 0.5025615707039833, 0.49522989317774774, 0.5115007579326629], "train_accs": [0.4054, 0.52524, 0.5747, 0.60928, 0.63398, 0.6509, 0.66758, 0.68458, 0.69388, 0.70118, 0.71418, 0.71912, 0.72638, 0.73312, 0.74008, 0.74808, 0.75306, 0.75966, 0.7635, 0.76694, 0.77294, 0.77676, 0.7807, 0.78666, 0.78938, 0.79074, 0.7942, 0.8006, 0.80304, 0.80764, 0.81072, 0.81524, 0.81716, 0.82038, 0.82468, 0.82276, 0.8278, 0.82836, 0.83514, 0.83678, 0.83818, 0.84114, 0.8435, 0.84458, 0.8502, 0.85112, 0.85286, 0.85448, 0.85654, 0.85856], "val_accs": [0.5388, 0.6028, 0.6398, 0.6628, 0.678, 0.6924, 0.7063, 0.7219, 0.736, 0.7385, 0.7529, 0.754, 0.7615, 0.7611, 0.7661, 0.7781, 0.7724, 0.7724, 0.7779, 0.7818, 0.789, 0.7845, 0.7939, 0.7975, 0.8044, 0.8071, 0.8007, 0.7981, 0.8104, 0.8123, 0.8147, 0.8074, 0.8113, 0.8247, 0.8199, 0.8252, 0.8215, 0.8243, 0.822, 0.8219, 0.8235, 0.8277, 0.832, 0.8324, 0.8272, 0.8214, 0.8339, 0.8327, 0.8379, 0.8278], "epochs_time": 696.1779761314392, "test_loss": 0.5115007579326629, "test_acc": 0.8278}