{"train_losses": [1.8010659333394499, 1.507676368465229, 1.3899443964568936, 1.3001194869985386, 1.229972024353183, 1.1732378559453147, 1.1179334332748336, 1.072418244213474, 1.0357532245772225, 1.0075872929728762, 0.9827180434854663, 0.9507086471635469, 0.9297393253263162, 0.9102330855569061, 0.8815858333694692, 0.8589915347342588, 0.8401637068208383, 0.8249690380631661, 0.8021450073135142, 0.7848517140563653, 0.7682419242907543, 0.7506631910800934, 0.7379039221880387, 0.7229557967915827, 0.7123215864507519, 0.7002588954507089, 0.6824229456940476, 0.6696791051297771, 0.6662059414143465, 0.6432718836835453, 0.63954439105428, 0.6298713837655223, 0.6221585038061045, 0.6127361509264732, 0.5995963667424358, 0.5868167419518743, 0.5788660377872233, 0.5607321841680274, 0.5540903009930436, 0.545864902588786, 0.5415640391257345, 0.5269648282199489, 0.5262049714825592, 0.5186727156444472, 0.5094162082793762, 0.5027554859312213, 0.4955621256816144, 0.48594304280621664, 0.4725209436550432, 0.46533007494040896], "val_losses": [1.4563170850276947, 1.3455262333154678, 1.2135781705379487, 1.1569061785936356, 1.0984873831272126, 1.0601049020886422, 1.0212648913264275, 0.9825973972678185, 0.9576545462012291, 0.9272168636322021, 0.9081956714391708, 0.8673139914870263, 0.8565196141600608, 0.8363906353712082, 0.832035531103611, 0.7952161744236946, 0.8188567191362381, 0.7714835405349731, 0.7626141399145127, 0.7397135242819786, 0.7367416903376579, 0.7372137978672981, 0.7381940066814423, 0.6827341601252556, 0.7150264874100685, 0.6814369305968284, 0.6871405258774758, 0.6765604317188263, 0.6733614593744278, 0.6679042831063271, 0.6791037306189537, 0.6293621882796288, 0.6344181269407272, 0.6379406586289406, 0.6326687961816788, 0.6332965269684792, 0.6099052995443344, 0.5959189891815185, 0.6055432721972466, 0.598531398177147, 0.6066063173115254, 0.6059929810464382, 0.5918487489223481, 0.5932794988155365, 0.5936400793492794, 0.5903450153768063, 0.5912130966782569, 0.5929946772754192, 0.5893068678677083, 0.5990950591862202], "train_accs": [0.34558, 0.44842, 0.49472, 0.5276, 0.55352, 0.5751, 0.59776, 0.6149, 0.62726, 0.63764, 0.64664, 0.66022, 0.66774, 0.67524, 0.68466, 0.69406, 0.69744, 0.70654, 0.71256, 0.72132, 0.72802, 0.73166, 0.73752, 0.74256, 0.74646, 0.75128, 0.758, 0.75992, 0.7632, 0.77206, 0.77178, 0.77608, 0.78158, 0.78428, 0.78888, 0.79114, 0.79294, 0.80182, 0.80214, 0.8083, 0.80722, 0.81312, 0.81394, 0.8176, 0.81742, 0.82284, 0.8248, 0.82828, 0.83454, 0.83476], "val_accs": [0.4655, 0.5113, 0.5625, 0.5793, 0.6069, 0.6196, 0.637, 0.6429, 0.658, 0.6678, 0.6728, 0.6929, 0.6894, 0.701, 0.7077, 0.7162, 0.7123, 0.7274, 0.7324, 0.7394, 0.7421, 0.7409, 0.7453, 0.7603, 0.7488, 0.7628, 0.7618, 0.7662, 0.7667, 0.7711, 0.7681, 0.7848, 0.7831, 0.7795, 0.7872, 0.7823, 0.7901, 0.7979, 0.7883, 0.7929, 0.7896, 0.7937, 0.8011, 0.799, 0.8035, 0.801, 0.7984, 0.8001, 0.8029, 0.8016], "epochs_time": 681.1823899745941, "test_loss": 0.5990950591862202, "test_acc": 0.8016}