{"train_losses": [1.8692906170475239, 1.4335115971613903, 1.2568183675104259, 1.138642586919726, 1.0429997176540142, 0.9688167702786776, 0.902744825397219, 0.8441323577141275, 0.79835515545339, 0.7513763843750467, 0.7160210597271822, 0.6776278952554781, 0.6552990583740935, 0.6194576462920831, 0.6048888062336006, 0.5759675329437062, 0.5583770769287129, 0.534768820721276, 0.519647442260567, 0.503709541595712, 0.4912595505617103, 0.4676319108325608, 0.4611832888758912, 0.44581038808944273, 0.4334521200888011, 0.4218637699983558, 0.40898070134678666, 0.39234986064993604, 0.38148211231645274, 0.3695792392352406, 0.3657592395130469, 0.3538797790450709, 0.3471266041148682, 0.33444092225055305, 0.32868899640684224, 0.3211245760321617, 0.3128624987997571, 0.30590326947217084, 0.2983154362561751, 0.29167491395254524, 0.28080086546893024, 0.2727095157820351, 0.26574273331432924, 0.26430231393599996, 0.2549433918023596, 0.2509630593870367, 0.24788717743085356, 0.23717000536924723, 0.2319640239738688, 0.231139033196532], "val_losses": [1.4723697781562806, 1.2610591351985931, 1.180721727013588, 1.0352361798286438, 0.9720239326357841, 0.8903395161032677, 0.8784881547093392, 0.8403848960995675, 0.766323471069336, 0.7577965438365937, 0.7179641082882882, 0.6389105163514615, 0.6290065899491311, 0.6074976123869419, 0.5980654053390027, 0.5968286693096161, 0.6114910170435905, 0.5684951998293399, 0.5672015570104122, 0.5436196938157082, 0.5138620637357235, 0.5571413569152355, 0.5115363158285617, 0.4951749362051487, 0.4972439892590046, 0.5179848074913025, 0.5198143482208252, 0.4781134456396103, 0.4877372205257416, 0.5015394397079944, 0.48940430507063865, 0.49085710346698763, 0.4791875801980495, 0.49716058671474456, 0.476207285374403, 0.4855945870280266, 0.47841124683618547, 0.46240332946181295, 0.4501894935965538, 0.45554605424404143, 0.460481571406126, 0.4625949077308178, 0.47457705065608025, 0.46299391612410545, 0.4764024570584297, 0.47038079872727395, 0.4690638303756714, 0.46920197308063505, 0.49084081053733825, 0.4864217408001423], "train_accs": [0.31846, 0.47882, 0.54452, 0.59034, 0.62876, 0.65344, 0.68012, 0.6998, 0.7188, 0.73316, 0.74618, 0.75756, 0.76966, 0.78388, 0.78758, 0.7972, 0.80316, 0.81166, 0.81638, 0.82242, 0.82764, 0.83458, 0.83696, 0.84388, 0.8493, 0.85158, 0.856, 0.86208, 0.86526, 0.87038, 0.87132, 0.8745, 0.87802, 0.88336, 0.88516, 0.88726, 0.89098, 0.89196, 0.89558, 0.89738, 0.90194, 0.90402, 0.90736, 0.90688, 0.90972, 0.91282, 0.91306, 0.91708, 0.91858, 0.91954], "val_accs": [0.4621, 0.5545, 0.5805, 0.6304, 0.6565, 0.6862, 0.6917, 0.7063, 0.7346, 0.7391, 0.7565, 0.7779, 0.7851, 0.7941, 0.794, 0.7948, 0.7939, 0.8058, 0.8087, 0.8187, 0.8261, 0.8124, 0.8245, 0.8347, 0.8335, 0.8272, 0.8279, 0.8453, 0.8413, 0.8367, 0.8447, 0.8449, 0.8459, 0.8451, 0.8489, 0.8476, 0.85, 0.8576, 0.8618, 0.8594, 0.8575, 0.858, 0.8539, 0.8576, 0.8588, 0.8596, 0.8575, 0.8606, 0.8561, 0.8557], "epochs_time": 2007.3101646900177, "test_loss": 0.4864217408001423, "test_acc": 0.8557}