{"train_losses": [1.8812042407843532, 1.499422189532494, 1.3365370777188514, 1.2279444069278485, 1.1415100572060566, 1.0688817640956567, 1.0059307448718013, 0.9445928462914058, 0.8950883286948107, 0.8487436394302212, 0.8056894035971894, 0.7668683662706491, 0.7399371400171396, 0.709682302207363, 0.6945605004320339, 0.6613051812259518, 0.6467983334952471, 0.6207879620547198, 0.6074430130574168, 0.5924383690770791, 0.5739784132765264, 0.5579304020015561, 0.544503781868487, 0.5320549161762608, 0.5193726411279367, 0.5102063163506741, 0.49510364660194944, 0.4794971453292029, 0.47267439535685946, 0.45826314100805593, 0.44687108239349055, 0.4445104881816981, 0.4297592101656661, 0.42456311595683194, 0.4163397530816039, 0.40292389158691677, 0.3994753035355587, 0.3884939729255073, 0.38641487061977386, 0.3760561678482562, 0.37177434061862985, 0.35768232403361067, 0.35272672483507467, 0.34620910381176034, 0.3432398423248408, 0.3315923114364244, 0.3278527790490462, 0.3235432521573135, 0.3148641255589164, 0.31179062261873364], "val_losses": [1.4949788331985474, 1.3090854972600936, 1.2375960618257522, 1.154293841123581, 1.0406873539090156, 0.9739659443497658, 0.9338678926229477, 0.8586550354957581, 0.8359779849648475, 0.8541089370846748, 0.7513718962669372, 0.7025025457143783, 0.7043385252356529, 0.6828950986266136, 0.6650040209293365, 0.6494430273771286, 0.6316129803657532, 0.6049588777124881, 0.6158113062381745, 0.5960450887680053, 0.5556899592280388, 0.5688683371990919, 0.5494851749390364, 0.5396431978791952, 0.5548464253544807, 0.5415997549891471, 0.5225903496146203, 0.5366761904209852, 0.5196681253612041, 0.5022434547543526, 0.5422038774937391, 0.5398357652127743, 0.4962572731077671, 0.48985321149230004, 0.5472207874059677, 0.4961901426315308, 0.4895025871694088, 0.48984977751970293, 0.4661962427198887, 0.45799852833151816, 0.45922116935253143, 0.46537532806396487, 0.4706724824383855, 0.4455559737980366, 0.44920513182878496, 0.4896211110055447, 0.4666310749948025, 0.44294485449790955, 0.4902026135474443, 0.46220443919301035], "train_accs": [0.31528, 0.44932, 0.51602, 0.55708, 0.5884, 0.61528, 0.6424, 0.66114, 0.68044, 0.6964, 0.71362, 0.72708, 0.73796, 0.74748, 0.75368, 0.76522, 0.77054, 0.78148, 0.78348, 0.7919, 0.79648, 0.80204, 0.809, 0.81146, 0.81676, 0.8189, 0.82618, 0.82998, 0.83298, 0.8387, 0.84152, 0.84356, 0.84878, 0.85068, 0.85334, 0.85724, 0.8588, 0.86306, 0.86362, 0.8665, 0.86962, 0.87312, 0.87514, 0.87692, 0.87866, 0.88416, 0.884, 0.88488, 0.88946, 0.8891], "val_accs": [0.4517, 0.5255, 0.5584, 0.5898, 0.6304, 0.6595, 0.6705, 0.6975, 0.703, 0.7055, 0.7379, 0.7468, 0.7514, 0.7617, 0.7721, 0.7784, 0.7812, 0.7951, 0.791, 0.797, 0.8059, 0.8028, 0.8157, 0.8148, 0.8131, 0.8204, 0.8232, 0.8161, 0.8244, 0.832, 0.8141, 0.8213, 0.8381, 0.8328, 0.8221, 0.8364, 0.8381, 0.8361, 0.8476, 0.8482, 0.8474, 0.8452, 0.8445, 0.8546, 0.8542, 0.8418, 0.845, 0.8585, 0.8422, 0.8501], "epochs_time": 708.890296459198, "test_loss": 0.46220443919301035, "test_acc": 0.8501}