{"train_losses": [1.5093574967919563, 1.1300987899303436, 0.9745233560703239, 0.8765983624117715, 0.8055005557074839, 0.755163562237, 0.710756453020232, 0.6777590303396692, 0.6497838950278808, 0.6227183662811104, 0.5951861518682265, 0.5740977055868324, 0.5568733184921498, 0.5364599633885889, 0.5292055806031033, 0.5058599801696076, 0.4907917283019241, 0.47711719025154503, 0.46839555079231454, 0.45712452625133554, 0.44560479479176657, 0.4316378071600077, 0.42060175127520855, 0.4148725593576626, 0.40625227197092406, 0.40132822947842733, 0.3856118864246777, 0.375904450763245, 0.3716400241365238, 0.3607144664440836, 0.3556686536389954, 0.35001060176564724, 0.3456611694882111, 0.33563137723475084, 0.326721406256666, 0.3219812179402429, 0.3186839010794552, 0.3125080686746811, 0.3083478501256631, 0.3029462353763532, 0.29740985528546937, 0.2820077851718786, 0.2864604513255917, 0.27865857425696994, 0.27337903696663524, 0.26956403392310047, 0.2720332169259081, 0.2589414206390478, 0.2558631921301083, 0.25705085063771327], "val_losses": [1.1635093092918396, 0.931296530365944, 0.8553338259458542, 0.8241712667047978, 0.7172573819756508, 0.6741140119731426, 0.6843904033303261, 0.6178972862660885, 0.6255396597087384, 0.6415210887789726, 0.5779698260128499, 0.5286250486969948, 0.5346692658960819, 0.5268502496182919, 0.498587092012167, 0.5328526087105274, 0.47984082624316216, 0.46047405526041985, 0.4844773329794407, 0.4648127548396587, 0.4675499968230724, 0.4670204512774944, 0.44239295050501826, 0.4413755342364311, 0.44647923707962034, 0.4421689257025719, 0.4388632856309414, 0.4143035836517811, 0.43710837662220003, 0.4470003679394722, 0.427650149166584, 0.4168111741542816, 0.4103084322065115, 0.39813615940511227, 0.4073018245398998, 0.4014067314565182, 0.39046660959720614, 0.39734218195080756, 0.3881297666579485, 0.38733585700392725, 0.389918402582407, 0.3907075673341751, 0.39404958188533784, 0.38502236679196356, 0.39035007245838643, 0.40192012339830396, 0.3758292466402054, 0.380282685905695, 0.39908222705125806, 0.3867844194173813], "train_accs": [0.45476, 0.59736, 0.6554, 0.6904, 0.7153, 0.73508, 0.75114, 0.76236, 0.7712, 0.783, 0.7918, 0.79756, 0.80446, 0.81182, 0.814, 0.82124, 0.82806, 0.83268, 0.8359, 0.84086, 0.8442, 0.84894, 0.85404, 0.85582, 0.85818, 0.86032, 0.86562, 0.86796, 0.8697, 0.87368, 0.87782, 0.87804, 0.8795, 0.8825, 0.88638, 0.88832, 0.88748, 0.89078, 0.89452, 0.89538, 0.89696, 0.9029, 0.90022, 0.90204, 0.90432, 0.90658, 0.90468, 0.90966, 0.91046, 0.91096], "val_accs": [0.5856, 0.6641, 0.6936, 0.7063, 0.7481, 0.764, 0.7655, 0.7867, 0.7805, 0.7815, 0.7933, 0.8153, 0.8136, 0.8199, 0.8283, 0.8152, 0.8354, 0.8409, 0.8352, 0.8407, 0.8363, 0.8423, 0.8489, 0.8518, 0.8486, 0.8514, 0.8526, 0.8586, 0.8531, 0.8493, 0.8548, 0.8609, 0.8647, 0.8665, 0.8638, 0.8667, 0.868, 0.8651, 0.8705, 0.8708, 0.8667, 0.8724, 0.8704, 0.8743, 0.8735, 0.8694, 0.8769, 0.8756, 0.8717, 0.8757], "epochs_time": 698.7890865802765, "test_loss": 0.3867844194173813, "test_acc": 0.8757}