{"train_losses": [1.8857166980538527, 1.498241366022993, 1.339499185762137, 1.2227757824656298, 1.1251199073193934, 1.0579486563992317, 0.9984837183562081, 0.9428353704454954, 0.8987756094054493, 0.8634040163606024, 0.8322309406517107, 0.8035561978969428, 0.7716693500118792, 0.7465192648151037, 0.7335898844177461, 0.7048025333210636, 0.6876394618350221, 0.6701748179810126, 0.6519971867961347, 0.6373081226330584, 0.6201216583819036, 0.6120664186184973, 0.5916757029493142, 0.5809040690779381, 0.567641277447381, 0.5505551745367172, 0.5427318325128092, 0.5291536744217129, 0.5207416556985177, 0.5146978952543205, 0.5018781522655731, 0.4917029597417778, 0.481178939266278, 0.46995944249660465, 0.45598281870412705, 0.4519541164112213, 0.4477151167362242, 0.4379278959520638, 0.4278315584296766, 0.4146627533008985, 0.4109584617111689, 0.40974171307233287, 0.39338726754231224, 0.3889078162896359, 0.38277870847288603, 0.3765555744052238, 0.36430692059152264, 0.36231767186118513, 0.35751579980106307, 0.35452088625992045], "val_losses": [1.4807725903354114, 1.3016503702236126, 1.1497858928728708, 1.0556244661536398, 0.9905350562892382, 0.9356393089777306, 0.8830190557467786, 0.8360028553612625, 0.7915024659301662, 0.7734177836888954, 0.7402587502817565, 0.7136939220790621, 0.6943682990496671, 0.6848946255219134, 0.6652147713341291, 0.674950328431552, 0.6478013328359097, 0.6205146855945829, 0.611331844254385, 0.6107210045373892, 0.5826424050934708, 0.5839180546470836, 0.5981933787653718, 0.5810085538821884, 0.553148757053327, 0.5567007589189312, 0.5536652203602127, 0.5665580362458772, 0.5491237629063522, 0.5341069181508655, 0.5357855588574952, 0.5403014998647231, 0.5304326773444309, 0.5326384675653675, 0.5364614057389996, 0.5319593820390822, 0.5395147694817072, 0.5254568578321722, 0.540710246261162, 0.5436961337735381, 0.5091519446312627, 0.5164626225640502, 0.5034986500498615, 0.5285307123691221, 0.5063922661769239, 0.5319379686932021, 0.5251622943184043, 0.5224230002753342, 0.5238388897497442, 0.530385467447812], "train_accs": [0.3033, 0.44968, 0.51488, 0.55974, 0.59496, 0.62098, 0.64406, 0.66174, 0.68168, 0.69428, 0.7034, 0.71392, 0.7244, 0.73694, 0.73938, 0.7498, 0.7564, 0.76476, 0.77064, 0.77562, 0.782, 0.7829, 0.79138, 0.7937, 0.80074, 0.80546, 0.80822, 0.8144, 0.81578, 0.81816, 0.82266, 0.82798, 0.83092, 0.83418, 0.84016, 0.84162, 0.84288, 0.8439, 0.8495, 0.8553, 0.85596, 0.85518, 0.86034, 0.86248, 0.86498, 0.86658, 0.87166, 0.87198, 0.873, 0.87542], "val_accs": [0.4492, 0.5157, 0.5828, 0.6193, 0.6459, 0.6695, 0.6908, 0.704, 0.7213, 0.7303, 0.7403, 0.751, 0.7576, 0.7644, 0.7705, 0.7646, 0.7754, 0.7879, 0.7888, 0.7948, 0.803, 0.8011, 0.8005, 0.8009, 0.8127, 0.8113, 0.814, 0.8132, 0.8153, 0.8206, 0.8218, 0.8192, 0.8221, 0.8234, 0.8245, 0.8265, 0.8238, 0.829, 0.8246, 0.8271, 0.8364, 0.8314, 0.8385, 0.8303, 0.8344, 0.834, 0.8327, 0.833, 0.836, 0.8345], "epochs_time": 1568.693459033966, "test_loss": 0.530385467447812, "test_acc": 0.8345}