{"train_losses": [1.8343596780786708, 1.4934032729693822, 1.352436520007192, 1.250588559982728, 1.1713283578960263, 1.1073634165282151, 1.0553242646309795, 1.0128489474252778, 0.9705117201926757, 0.9400183588874583, 0.9068949389822629, 0.8797952858160953, 0.8558873062839314, 0.8311581520401702, 0.8110248130194995, 0.7878662898224227, 0.7673975107621174, 0.7513948788448256, 0.7358642235702398, 0.7179933083908898, 0.7048176943647618, 0.6903420175824847, 0.6813616085113311, 0.6656655089891687, 0.6549449756133313, 0.6411860195957885, 0.6296250801913592, 0.6150170893085246, 0.6081157878649478, 0.5962156349298905, 0.5845817692425787, 0.5749448200269621, 0.5636081812637193, 0.5570751170114595, 0.552136305947693, 0.5446721762418747, 0.5341208539142901, 0.5316803348915917, 0.5156540478370628, 0.5091445044595369, 0.5027726101023811, 0.48933193163604155, 0.4870687213783361, 0.4817761336358226, 0.47389756340761574, 0.46866887260456475, 0.461267351648029, 0.45314496238620916, 0.4505545655075385, 0.44280883076847816], "val_losses": [1.4786111295223237, 1.3021561712026597, 1.1916713416576385, 1.1072460547089578, 1.0286404922604562, 0.9805021405220031, 0.9443270057439804, 0.918303519487381, 0.8551078848540783, 0.8397206753492356, 0.8070401206612587, 0.8142856031656265, 0.7655751630663872, 0.7498493894934655, 0.7378891110420227, 0.7274722412228585, 0.7132267892360687, 0.7103688582777977, 0.7001932486891747, 0.6974646762013436, 0.6726705744862557, 0.6678348377346992, 0.6461838781833649, 0.63927963078022, 0.6420624405145645, 0.634437108039856, 0.6288532122969628, 0.6556292653083802, 0.6032358452677726, 0.5954678751528263, 0.6099305294454098, 0.589458204060793, 0.5931314587593078, 0.5772795081138611, 0.5787700280547142, 0.588249334692955, 0.6000731743872165, 0.5739640913903713, 0.5776927635073662, 0.5776290364563466, 0.5614747405052185, 0.5655627161264419, 0.5647082582116127, 0.5682963147759438, 0.5494275182485581, 0.5640243388712406, 0.5645358860492706, 0.5510461792349816, 0.552134657651186, 0.5533813491463662], "train_accs": [0.3276, 0.45454, 0.50846, 0.55034, 0.57816, 0.60132, 0.61742, 0.6387, 0.65298, 0.66334, 0.67772, 0.68828, 0.69712, 0.70304, 0.7098, 0.72006, 0.72598, 0.73444, 0.73718, 0.74534, 0.7503, 0.75292, 0.758, 0.7658, 0.76492, 0.77164, 0.77668, 0.78428, 0.78448, 0.78642, 0.79344, 0.79632, 0.8023, 0.80334, 0.80566, 0.80686, 0.81252, 0.81086, 0.81822, 0.82042, 0.82286, 0.8268, 0.8273, 0.82994, 0.83412, 0.83446, 0.83866, 0.83954, 0.84084, 0.84362], "val_accs": [0.4642, 0.532, 0.5713, 0.6072, 0.6352, 0.6501, 0.6609, 0.6707, 0.6969, 0.7017, 0.7127, 0.7092, 0.7301, 0.7346, 0.7374, 0.7412, 0.7502, 0.7504, 0.7548, 0.7579, 0.7628, 0.7676, 0.7796, 0.7737, 0.7771, 0.78, 0.7859, 0.7788, 0.7919, 0.7961, 0.7919, 0.7987, 0.8, 0.8045, 0.8069, 0.806, 0.7983, 0.8037, 0.8045, 0.8097, 0.8088, 0.8091, 0.8083, 0.8091, 0.8179, 0.8145, 0.815, 0.8203, 0.819, 0.816], "epochs_time": 687.9574406147003, "test_loss": 0.5533813491463662, "test_acc": 0.816}