{"train_losses": [1.5815501596246446, 1.23000781633416, 1.1017595307559382, 1.0121812966405128, 0.9398453649209471, 0.8889626422706915, 0.8489819345425587, 0.8025288305112294, 0.7752109461901139, 0.7484985833265343, 0.7270762561535349, 0.702266279075827, 0.6791900226048061, 0.6637066176959446, 0.6444143379221157, 0.6270384013044591, 0.6187611964284158, 0.5930315462910399, 0.5786687512787021, 0.567312804715974, 0.5487597300385942, 0.5350840120595328, 0.5242125314413285, 0.5170364611002863, 0.503964010702104, 0.48837792903793104, 0.48443122877150163, 0.47172742671504314, 0.46157555571016, 0.44638712324050006, 0.4423196861634449, 0.43184346842522525, 0.42558248812446786, 0.4150040323028759, 0.41057523887376396, 0.39963271970651587, 0.3924096129378494, 0.376927379898879, 0.37398888748519277, 0.36177403533032965, 0.3665008296315767, 0.3540766656550826, 0.34785668696371874, 0.3442167648855521, 0.33022625934408634, 0.3317682631313801, 0.3178878812005325, 0.31747530765679416, 0.3088767713277924, 0.303457284840394], "val_losses": [1.2463643163442613, 1.1191089779138566, 0.9341614559292793, 0.845035371184349, 0.7993977352976799, 0.7775765210390091, 0.7386416599154473, 0.7300966575741767, 0.6961025625467301, 0.6707056358456611, 0.6837229579687119, 0.6226368956267834, 0.6270080864429474, 0.6152810983359813, 0.5831250600516796, 0.6155788555741311, 0.5633575998246669, 0.5673965521156787, 0.5696659527719021, 0.5375604212284089, 0.5677362121641636, 0.5409485653042794, 0.5415673531591892, 0.5260537587106228, 0.5330594949424267, 0.52941415309906, 0.5206496648490428, 0.527762520313263, 0.5073433615267277, 0.5033045180141926, 0.5174322217702866, 0.49800186008214953, 0.4963402353227139, 0.5033683888614178, 0.5027625866234302, 0.5111285448074341, 0.4913891054689884, 0.4812081277370453, 0.4722245864570141, 0.48538638576865195, 0.4715613417327404, 0.4789274737238884, 0.4628673352301121, 0.46414587646722794, 0.480979835242033, 0.47966806069016454, 0.4719890683889389, 0.4559957653284073, 0.4670506626367569, 0.4677433021366596], "train_accs": [0.43784, 0.55536, 0.60658, 0.64054, 0.66668, 0.68622, 0.70168, 0.71682, 0.72652, 0.73282, 0.74162, 0.75316, 0.76078, 0.76324, 0.77218, 0.7786, 0.7798, 0.79206, 0.79672, 0.79914, 0.80804, 0.81174, 0.81372, 0.81842, 0.82086, 0.8282, 0.82884, 0.8337, 0.8371, 0.84186, 0.84328, 0.84716, 0.8497, 0.85316, 0.85472, 0.86046, 0.86112, 0.86716, 0.86796, 0.87316, 0.8698, 0.87574, 0.87698, 0.87924, 0.88462, 0.8835, 0.8894, 0.88934, 0.89044, 0.89348], "val_accs": [0.546, 0.6003, 0.666, 0.7001, 0.7159, 0.7299, 0.7452, 0.7459, 0.7565, 0.7684, 0.7609, 0.7817, 0.7807, 0.7907, 0.793, 0.7857, 0.805, 0.8082, 0.8073, 0.8134, 0.8056, 0.8162, 0.8179, 0.8219, 0.8185, 0.8169, 0.8248, 0.8245, 0.8295, 0.8345, 0.8253, 0.8325, 0.836, 0.8298, 0.8348, 0.8299, 0.8373, 0.8445, 0.8415, 0.8417, 0.8465, 0.8441, 0.8477, 0.8508, 0.8432, 0.8482, 0.8441, 0.8505, 0.8515, 0.8477], "epochs_time": 692.6443374156952, "test_loss": 0.4677433021366596, "test_acc": 0.8477}