{"train_losses": [1.8284125845043027, 1.4557155176084868, 1.3174792668040918, 1.2207537424199435, 1.1486794860387335, 1.088505207579963, 1.0366942240875594, 0.9863810794694083, 0.952302812313547, 0.9196356671805285, 0.8907942714131608, 0.8608347414707651, 0.8311014628531982, 0.8129980339079487, 0.7865412743115912, 0.7725971000535148, 0.7560280689171383, 0.7301548552148196, 0.7132476191131436, 0.6995699002730603, 0.6825667145300884, 0.6677649157996081, 0.6519664367850946, 0.6402039032201378, 0.6341634780472639, 0.6164820793331885, 0.6082741572540633, 0.5915917498724801, 0.5819590777462843, 0.5707598483684112, 0.5619184254687659, 0.5524622981949728, 0.540129228970226, 0.5324215794704399, 0.5250286060024281, 0.5136158251944853, 0.5085696387959986, 0.49039255021786204, 0.48712635253156933, 0.47238159559819165, 0.46740754952236097, 0.46461893602901577, 0.4523892284047847, 0.445964729147298, 0.4399150619093253, 0.43882908200731086, 0.4226605995577209, 0.4182487633459422, 0.40698462435785604, 0.4054938825417538], "val_losses": [1.4194077253341675, 1.253871414065361, 1.1509681642055511, 1.0755887910723687, 1.0257742434740067, 0.967427821457386, 0.9378501757979393, 0.9132700160145759, 0.8415342435240746, 0.8158489525318146, 0.8347427643835544, 0.7594483807682991, 0.7557198703289032, 0.734675282239914, 0.7132882297039032, 0.7083770498633385, 0.6955883748829365, 0.6824619397521019, 0.6761316239833832, 0.6516528338193893, 0.646367259323597, 0.6501971460878849, 0.6421145692467689, 0.6235286362469197, 0.6353230014443397, 0.6381465338170529, 0.6474993728101254, 0.6186176136136055, 0.6132470235228539, 0.6273508988320827, 0.6146532319486141, 0.5889858230948448, 0.5977834008634091, 0.6016672939062119, 0.6123661302030087, 0.5925808012485504, 0.5800822429358959, 0.5756679907441139, 0.5893463507294655, 0.5813368670642376, 0.5646935023367405, 0.5739573471248149, 0.5546410717070103, 0.5793487764894962, 0.58534000441432, 0.5671570844948292, 0.5689569875597954, 0.5593976698815822, 0.5711547754704952, 0.5573030471801758], "train_accs": [0.35126, 0.4707, 0.52152, 0.5592, 0.58486, 0.60806, 0.62604, 0.6458, 0.6571, 0.67198, 0.68386, 0.6931, 0.70186, 0.71028, 0.71554, 0.72426, 0.7301, 0.742, 0.74536, 0.7512, 0.7562, 0.76274, 0.77042, 0.77298, 0.77564, 0.78204, 0.78382, 0.78958, 0.79348, 0.79862, 0.79974, 0.80308, 0.80938, 0.8094, 0.8147, 0.81764, 0.82018, 0.82462, 0.8286, 0.83304, 0.83302, 0.83656, 0.8396, 0.84212, 0.84462, 0.84598, 0.85164, 0.85296, 0.85566, 0.85598], "val_accs": [0.4736, 0.5431, 0.5785, 0.6122, 0.6308, 0.6552, 0.6681, 0.6775, 0.6979, 0.7062, 0.7032, 0.7299, 0.7303, 0.7431, 0.7498, 0.7519, 0.7545, 0.7613, 0.766, 0.7722, 0.7773, 0.7742, 0.7817, 0.7892, 0.779, 0.7802, 0.7776, 0.7875, 0.7882, 0.7867, 0.7899, 0.8011, 0.8007, 0.7995, 0.8001, 0.8085, 0.8083, 0.8123, 0.8074, 0.8063, 0.8158, 0.8127, 0.8176, 0.8147, 0.8131, 0.8207, 0.8161, 0.8221, 0.8172, 0.8263], "epochs_time": 696.0231258869171, "test_loss": 0.5573030471801758, "test_acc": 0.8263}