{"train_losses": [2.2721473984063243, 1.5741967461741389, 1.4180875121594998, 1.322118513881208, 1.2385526301380925, 1.1601625869449335, 1.0984408025162669, 1.039422350569655, 0.9861185129839011, 0.9377754008808075, 0.9075156617850161, 0.8567360182539724, 0.8307894274068717, 0.7923021916383371, 0.7610958079560496, 0.7333268746019552, 0.7030672302451758, 0.6714043975257264, 0.655455322025683, 0.637450775780236, 0.6131381804760272, 0.5947141314086061, 0.5694076032303392, 0.5506337930600103, 0.5353539115704667, 0.5219931374437893, 0.5002123960100424, 0.48850685024794677, 0.4716037133821664, 0.45643675850984006, 0.44590433941672025, 0.4261381241460197, 0.41671220605937054, 0.40929854006622546, 0.3934617912807404, 0.3880400203001766, 0.366346540780494, 0.3627833244613946, 0.3527167733675375, 0.3380244091010322, 0.329087746029083, 0.319389834285925, 0.313729641869807, 0.2993022058242426, 0.2939994146172612, 0.2812970924777345, 0.2725546730164522, 0.2633516694695805, 0.2581512951812805, 0.2530772166844374], "val_losses": [1.8177075748202167, 1.5337418212166316, 1.3761452662793896, 1.3867819980729985, 1.2766356430476224, 1.2546968610980842, 1.2206451968301701, 1.0596093097819557, 1.02339704429047, 1.005499775651135, 0.9752845832064182, 0.9749803528001036, 0.9504698371585412, 0.9212123985531964, 0.8748372468767287, 0.8261253871495211, 0.8027111137215095, 0.8279289754131173, 0.7788228388828567, 0.8057440915439702, 0.7584358370756801, 0.7498440697223325, 0.7738685374018512, 0.7668829062316991, 0.6790759499314465, 0.7007009722763979, 0.7084070579915107, 0.652536846414397, 0.6649062071419969, 0.6673482362228104, 0.6752065669132185, 0.6203552231758456, 0.660214413947697, 0.6374869527696054, 0.6027849708931355, 0.592683115714713, 0.60816208735297, 0.704444256764424, 0.6228626774081701, 0.6265945000739037, 0.5986742245245583, 0.6927227758908574, 0.5759186235409749, 0.5855005255228356, 0.6017098868195014, 0.5931402750407593, 0.6015572925157184, 0.6359722467162942, 0.5586296972594683, 0.5969541600987881], "train_accs": [0.330775, 0.45175, 0.499575, 0.533725, 0.56465, 0.592725, 0.616025, 0.637775, 0.658175, 0.67305, 0.684975, 0.6992, 0.712175, 0.723825, 0.73545, 0.744225, 0.755175, 0.764025, 0.77335, 0.775575, 0.787375, 0.795475, 0.800875, 0.8079, 0.812675, 0.820425, 0.82455, 0.83065, 0.8372, 0.84055, 0.84425, 0.85015, 0.856125, 0.856625, 0.8627, 0.86575, 0.870925, 0.874525, 0.876125, 0.881575, 0.886725, 0.886625, 0.8902, 0.89445, 0.896325, 0.901175, 0.904225, 0.907675, 0.9086, 0.911775], "val_accs": [0.4191, 0.4851, 0.521, 0.5343, 0.5653, 0.5794, 0.6004, 0.6307, 0.6499, 0.6596, 0.6688, 0.6734, 0.6786, 0.7016, 0.7083, 0.7229, 0.7271, 0.7238, 0.734, 0.7427, 0.7444, 0.7489, 0.7524, 0.7532, 0.771, 0.7706, 0.7677, 0.7831, 0.7874, 0.7778, 0.7764, 0.7958, 0.7857, 0.7934, 0.7992, 0.8077, 0.7981, 0.7939, 0.8006, 0.7997, 0.8081, 0.7801, 0.8154, 0.8138, 0.8088, 0.8161, 0.8114, 0.8124, 0.823, 0.8126], "epochs_time": 2433.305102586746, "test_loss": 0.5838024627558792, "test_acc": 0.8252}