{"train_losses": [1.6111782725204897, 1.160331882784129, 0.9765597319663943, 0.8526199513384144, 0.7702039896374773, 0.6948265920362204, 0.6434409039862016, 0.5989099471160518, 0.5586329713044569, 0.5257499831564286, 0.49571184672967855, 0.46030639203460627, 0.43955349133295174, 0.41549991471383274, 0.3901445037111297, 0.37179934014292326, 0.3512955504610106, 0.32901387320607517, 0.3109769483127862, 0.30051908468651345, 0.28037587646633155, 0.26433316528644707, 0.25176762406478453, 0.2394500015222508, 0.22259818333798967, 0.2092121566271843, 0.20606573674913561, 0.18830488422109037, 0.18131962386162384, 0.16804205334704855, 0.15976088318754644, 0.1479195495662482, 0.1454809308052063, 0.136859408148643, 0.12560994812594656, 0.12843124592281363, 0.11567337894836045, 0.10600111806941459, 0.10526574261086372, 0.10053598845992094, 0.09154503376168363, 0.0885421407487615, 0.08030906581388944, 0.08135811433843944, 0.07675304594675979, 0.0735862605807269, 0.07287018087304309, 0.06630968914398223, 0.0642827607195853, 0.06393987123313767], "val_losses": [1.2375922459590285, 1.0790912259983112, 0.9303780899772162, 0.805177290982838, 0.7208890726294699, 0.6869450256794314, 0.6599656724477116, 0.6549330123617679, 0.6450585081607481, 0.6220409259011473, 0.6003829089901115, 0.5807391612590114, 0.5932137264481073, 0.609112078253227, 0.5718423226211644, 0.5573649295145953, 0.5504987594447558, 0.5392355526549907, 0.5741550288622892, 0.5347819933785668, 0.5500423295211189, 0.5463545454453819, 0.5570438043980659, 0.5566706155674367, 0.5222352909136422, 0.5730051737797411, 0.5378552409289759, 0.5472552052027062, 0.5382935691483414, 0.5529390841345244, 0.5581785485714297, 0.5637911803360227, 0.5484874772874615, 0.5439517228286478, 0.560079618345333, 0.5532575294941287, 0.5640726381842094, 0.5702210178103628, 0.5929421910756751, 0.5737617532663708, 0.5603663732733908, 0.5825426227684263, 0.5711402587498291, 0.5850831451295297, 0.5926058779034433, 0.5956319351739521, 0.5962311668863779, 0.5916625425408159, 0.621965295717686, 0.5905318607257891], "train_accs": [0.43018, 0.58458, 0.65206, 0.69966, 0.72628, 0.75472, 0.77366, 0.78894, 0.80326, 0.8162, 0.82566, 0.83708, 0.84638, 0.85192, 0.8636, 0.86774, 0.87672, 0.88464, 0.8906, 0.89432, 0.9023, 0.9061, 0.9109, 0.91686, 0.92154, 0.92616, 0.92768, 0.93332, 0.9357, 0.94172, 0.94482, 0.9481, 0.9482, 0.95192, 0.95708, 0.95474, 0.96014, 0.96298, 0.96282, 0.96536, 0.96896, 0.9695, 0.97298, 0.97238, 0.97346, 0.97476, 0.97498, 0.97708, 0.97836, 0.97786], "val_accs": [0.5577, 0.625, 0.6722, 0.7129, 0.7432, 0.7559, 0.7691, 0.7736, 0.7764, 0.7835, 0.7959, 0.8059, 0.8014, 0.8016, 0.8149, 0.8178, 0.8211, 0.8274, 0.8192, 0.8314, 0.8297, 0.8315, 0.8327, 0.8342, 0.8446, 0.8337, 0.8402, 0.8385, 0.8409, 0.8403, 0.8421, 0.8388, 0.8454, 0.8498, 0.8454, 0.8465, 0.8478, 0.8489, 0.8439, 0.8536, 0.8542, 0.8514, 0.8534, 0.8508, 0.8465, 0.8534, 0.8562, 0.8551, 0.8484, 0.853], "epochs_time": 2743.0956485271454, "test_loss": 0.5905318607257891, "test_acc": 0.853}