{"train_losses": [1.568259994697083, 1.188523870294966, 1.0224097770498233, 0.8979978399813328, 0.8142034412954774, 0.7425558626499322, 0.6946216279740833, 0.6516641882222022, 0.6136572051536092, 0.5819385403867268, 0.552681386699457, 0.526394715851835, 0.5015067218819542, 0.4795214686247394, 0.45562842877014825, 0.43815426989589507, 0.420586702082773, 0.4008893175884281, 0.3798865042912686, 0.37229843308096344, 0.3548932601423824, 0.3405230299133779, 0.32875447116239603, 0.3182925494659282, 0.30308154229160467, 0.29188568642377244, 0.27966363125902305, 0.269958688474982, 0.25950611388439415, 0.24788060117408137, 0.24324648208020594, 0.22636196505078268, 0.22503081451901388, 0.21389149422840695, 0.20458450776231868, 0.20481798557750405, 0.18970017060828026, 0.18404702821274851, 0.17927418798779893, 0.174755789892143, 0.1654654942795901, 0.16480010213411372, 0.15417075244819417, 0.1499002448633275, 0.14091832084042946, 0.13668376576069677, 0.13610244985393552, 0.12820459731742548, 0.12131830241026172, 0.11386745566468867], "val_losses": [1.2539225680918633, 1.0853848268714132, 0.9656832014458089, 0.8511910634704783, 0.7630077434491508, 0.7500186649304402, 0.8261819210233567, 0.7378223987319802, 0.6287116423437867, 0.6367565804644476, 0.5994738106486164, 0.6147299246697486, 0.5881956430930125, 0.5946377225314514, 0.5998574163340316, 0.5820302778406988, 0.5751074831697005, 0.5721201145950752, 0.5397299939318548, 0.5598255659960494, 0.5213190479369103, 0.5236046917830841, 0.5838131912146942, 0.5427823496770255, 0.5209857466854627, 0.5536748616001274, 0.5314712977107567, 0.5190865620027615, 0.5122820442613167, 0.5102668962901151, 0.4996898615662056, 0.5625010253507879, 0.5421734776677964, 0.5269879470520382, 0.5305867862852314, 0.5374167725632463, 0.5179533024754706, 0.5740403525436981, 0.5894239914568165, 0.5575181200534483, 0.5624626014806047, 0.5789398501945447, 0.5630063184454471, 0.5765854365463499, 0.5549824354769308, 0.6404477689839616, 0.600710441417332, 0.5578038269960428, 0.575443686941002, 0.5747393022609663], "train_accs": [0.43754, 0.5712, 0.63362, 0.68178, 0.71186, 0.73844, 0.75518, 0.76956, 0.7837, 0.79502, 0.8058, 0.81448, 0.82436, 0.83212, 0.83858, 0.8461, 0.85162, 0.85914, 0.8656, 0.86858, 0.87488, 0.87936, 0.88428, 0.8875, 0.8935, 0.89786, 0.90126, 0.90398, 0.90846, 0.91344, 0.91302, 0.91976, 0.9205, 0.9238, 0.92702, 0.92718, 0.9327, 0.93324, 0.93518, 0.93726, 0.94106, 0.94082, 0.94686, 0.94698, 0.94936, 0.95032, 0.95078, 0.95438, 0.95736, 0.95964], "val_accs": [0.5451, 0.6199, 0.6541, 0.703, 0.7268, 0.7446, 0.7105, 0.7492, 0.782, 0.7797, 0.7918, 0.7901, 0.7986, 0.8029, 0.8036, 0.8077, 0.805, 0.8077, 0.8215, 0.819, 0.8295, 0.8313, 0.8131, 0.8273, 0.8403, 0.8303, 0.838, 0.8397, 0.8409, 0.8496, 0.847, 0.8344, 0.8426, 0.848, 0.85, 0.8448, 0.8524, 0.8436, 0.8387, 0.8462, 0.851, 0.848, 0.8513, 0.8539, 0.8565, 0.8417, 0.8497, 0.8589, 0.854, 0.8533], "epochs_time": 30232.69470334053, "test_loss": 0.5747393022609663, "test_acc": 0.8533}