{"train_losses": [2.3984310592706213, 1.5804095176843027, 1.431599621955579, 1.323184922861215, 1.2594265515050187, 1.1842998321444844, 1.1188407001403955, 1.064413044589777, 1.0159620204672646, 0.9720739213803324, 0.9474902897597121, 0.8953161241528326, 0.8674279695120863, 0.8334595418204895, 0.8015669108198854, 0.7735632096235745, 0.7463428793242946, 0.7158312794689934, 0.6975283351378699, 0.6706855545600001, 0.6506957268943421, 0.6315348778669827, 0.6054711000987897, 0.5893617753213206, 0.5701978813154629, 0.5525211344321315, 0.5421099713244758, 0.5138415052487065, 0.5061073689795912, 0.49334886860542787, 0.48051469746869974, 0.4632951642948979, 0.451815402545868, 0.4390733640033978, 0.4267795351081001, 0.41710043077270825, 0.40141357919469045, 0.39309927026113384, 0.3854290734464749, 0.37296125930719104, 0.36477068809274665, 0.352186274652283, 0.34291468446437545, 0.3317082055365316, 0.326590750402155, 0.31202482424985867, 0.3060954078413046, 0.30161160773362594, 0.2889144013103205, 0.27879510865139123], "val_losses": [1.6515639024444773, 1.546385511567321, 1.401034086565428, 1.3921690636043307, 1.3235136542139174, 1.214095205445833, 1.3039529165135155, 1.1149529829809937, 1.0886825104302997, 1.038637269901324, 1.0444932579994202, 0.9999868666069417, 0.9640039567705951, 1.0057715803762026, 0.9735477083845984, 0.8737404444549657, 0.8637549892256532, 0.8564861069751691, 0.8536702100234695, 0.832446454446527, 0.8022039268590226, 0.814570898496652, 0.7898585803901093, 0.7472429192518886, 0.7484815445127366, 0.7589833555342276, 0.7238987073113646, 0.6942211597026149, 0.7083504083035868, 0.6753494049174876, 0.7406185227858869, 0.6774646285214002, 0.6668112874031067, 0.6434503963476494, 0.6507540137707433, 0.7175074649762504, 0.6337495099140119, 0.7769254012198388, 0.6316390245021144, 0.6621982096871243, 0.6162360695343984, 0.6278339469734626, 0.6296540853343432, 0.6486839606792112, 0.5976212896123717, 0.6084446062015582, 0.5899192140072207, 0.6209144309351716, 0.634982791882527, 0.6099258521689644], "train_accs": [0.33905, 0.451575, 0.5001, 0.5339, 0.56085, 0.585025, 0.608025, 0.628625, 0.644975, 0.6591, 0.671425, 0.6866, 0.6996, 0.709475, 0.7229, 0.72955, 0.73845, 0.7519, 0.7585, 0.76675, 0.774425, 0.780275, 0.788275, 0.797775, 0.80285, 0.807525, 0.81155, 0.820275, 0.822125, 0.826325, 0.832, 0.838375, 0.8425, 0.8464, 0.84865, 0.85555, 0.860125, 0.861675, 0.86425, 0.867425, 0.872075, 0.875775, 0.877775, 0.882825, 0.885, 0.88965, 0.8919, 0.892925, 0.898125, 0.90315], "val_accs": [0.4405, 0.4887, 0.5104, 0.5249, 0.551, 0.5847, 0.5853, 0.6164, 0.6247, 0.6508, 0.6529, 0.6562, 0.6728, 0.6726, 0.6833, 0.7007, 0.706, 0.7094, 0.7094, 0.7339, 0.7306, 0.7341, 0.7421, 0.7508, 0.7507, 0.7476, 0.7592, 0.77, 0.7636, 0.7736, 0.7594, 0.7702, 0.7795, 0.788, 0.7849, 0.7748, 0.7924, 0.7788, 0.7916, 0.7803, 0.7961, 0.8003, 0.7991, 0.7954, 0.8094, 0.808, 0.8096, 0.8031, 0.806, 0.8132], "epochs_time": 2322.09867978096, "test_loss": 0.6016645933253856, "test_acc": 0.8209}