{"train_losses": [1.709248091253783, 1.3173886866825621, 1.1762164796099943, 1.0641174243234308, 0.9869276934572498, 0.9209305869648828, 0.8715156261878245, 0.8151595844027332, 0.7777515793090586, 0.737661245305215, 0.7114708582915918, 0.6772519869877555, 0.6489534298782154, 0.6267839209045596, 0.6010612420108922, 0.5810363051836448, 0.5601911231532426, 0.5484783957376504, 0.5274713460136863, 0.5051987841915901, 0.4896636640324312, 0.47726133046552655, 0.4681723330484327, 0.44939128311393817, 0.4340581439645089, 0.4297683803779085, 0.41321361213541397, 0.40042006504505184, 0.3902973557448448, 0.378994523754815, 0.3693954579513091, 0.3492180879234963, 0.34942488875383, 0.3395167986678955, 0.33162073650018636, 0.32731109506943645, 0.3124319803912926, 0.3078270928405435, 0.29966932108335176, 0.28775698041824427, 0.2764739145327102, 0.272315069499528, 0.2622048690381562, 0.25419795818036167, 0.24572367503133882, 0.23850648802564578, 0.2331718984619736, 0.22889698071934073, 0.2229035044913097, 0.21310079873294172], "val_losses": [1.3676258340666565, 1.1924870844128765, 1.063170464732979, 1.0155982707120195, 0.9352874355980113, 0.8892693587496311, 0.8237587417228313, 0.8068423965309239, 0.7535337556766558, 0.7451147286197807, 0.720393527157699, 0.6938311785836763, 0.6987238073650794, 0.6913583014584794, 0.6509308539613893, 0.6266900225530697, 0.6177098796337466, 0.6654775082310543, 0.6121660214436205, 0.6149604380885257, 0.5904258991344066, 0.6172764546509031, 0.5916401777840867, 0.586573397811455, 0.5949379428278042, 0.5956867020341414, 0.5991999412639232, 0.5702680696414996, 0.5850128765347637, 0.5834666294387624, 0.5637869374661506, 0.6154555474655538, 0.5708439980126634, 0.5570423410663122, 0.5649049372612676, 0.5770983096164993, 0.551076735499539, 0.5931405900399896, 0.5739716483822351, 0.5628631997712051, 0.5748644018475013, 0.5721778118912177, 0.5849811148039902, 0.5811136877989467, 0.5845854701120642, 0.5600077830537965, 0.5723972486544259, 0.5898544445068021, 0.5683728671526607, 0.5776782895945296], "train_accs": [0.39764, 0.5251, 0.5776, 0.62032, 0.6486, 0.6732, 0.69478, 0.71056, 0.72482, 0.73732, 0.74848, 0.75998, 0.77068, 0.77856, 0.78656, 0.79532, 0.802, 0.80774, 0.81384, 0.822, 0.82672, 0.8319, 0.83534, 0.8431, 0.8457, 0.84818, 0.85516, 0.85856, 0.8624, 0.86746, 0.8695, 0.87586, 0.87606, 0.87864, 0.8829, 0.88236, 0.88886, 0.89026, 0.89334, 0.89758, 0.90116, 0.90282, 0.90748, 0.90898, 0.91088, 0.91436, 0.91782, 0.9175, 0.92048, 0.92368], "val_accs": [0.5063, 0.568, 0.6182, 0.6413, 0.6647, 0.6885, 0.708, 0.7159, 0.7312, 0.7366, 0.7506, 0.7544, 0.7581, 0.7663, 0.778, 0.7832, 0.7931, 0.7744, 0.7879, 0.7901, 0.8003, 0.7949, 0.8008, 0.8035, 0.7991, 0.801, 0.806, 0.8116, 0.8098, 0.8124, 0.8185, 0.8079, 0.8154, 0.8222, 0.8201, 0.8139, 0.8291, 0.8131, 0.823, 0.8283, 0.824, 0.8263, 0.8241, 0.8272, 0.8253, 0.8358, 0.8349, 0.8264, 0.8336, 0.833], "epochs_time": 1372.424575328827, "test_loss": 0.5776782895945296, "test_acc": 0.833}