{"train_losses": [1.7765705265352487, 1.349915727629991, 1.1913621097879337, 1.0729582044474608, 0.9847813044362665, 0.9142692383292996, 0.8543303006750238, 0.7960018968338247, 0.7504806369161972, 0.7105665309807224, 0.6793204631341998, 0.6418439940265988, 0.6135856969582151, 0.5902553252551866, 0.5639484658875429, 0.5426629858706004, 0.5133505125942133, 0.49896502830183415, 0.47566266910499316, 0.46030275611316457, 0.43968174726609377, 0.42303059572149115, 0.40916970840957767, 0.39297977089881897, 0.3791857006604714, 0.3659967117373596, 0.3453681740309576, 0.3348723012391868, 0.32093291118016937, 0.31259405273763113, 0.2998827578085463, 0.28385876305877705, 0.2731741703760898, 0.26333647939707616, 0.25380304619631805, 0.24527627450730793, 0.23325161763545496, 0.22716303592752618, 0.2192890811187532, 0.2075923144283807, 0.20094833967021053, 0.19183673473346569, 0.18082002192125907, 0.16965741538406942, 0.1659355835079232, 0.16044604670627952, 0.15688404299871392, 0.14798814684266934, 0.14067873769365918, 0.13589096701968356], "val_losses": [1.3987817719012876, 1.219110784651358, 1.2032606594170197, 1.031319084046762, 0.9517911883849132, 0.8899494432195832, 0.8446765602389469, 0.7984575731090352, 0.7927543317215352, 0.7564310672916944, 0.7188641870323615, 0.7190196136885052, 0.6691960594322108, 0.7041319767131081, 0.7074645478514177, 0.6264374084487746, 0.6404870963549312, 0.6441218536111373, 0.6076701464532297, 0.6487217507784879, 0.5919079488214058, 0.6626170413403571, 0.5995498937142046, 0.5897109700909143, 0.6180538254070885, 0.6452193203606184, 0.6051221173020858, 0.5777731901859935, 0.6112901085539709, 0.6386432791058021, 0.5813038403852077, 0.6053577050378051, 0.5981379900174805, 0.5861408118205734, 0.6106558017715623, 0.6254519925841803, 0.614273079965688, 0.6380969955574108, 0.5980709342262412, 0.6190600961069518, 0.6042588417288624, 0.6236855923374997, 0.6169286243900468, 0.6097132602258574, 0.62085711201535, 0.6615987352178067, 0.6276626326615298, 0.6648769190039816, 0.6388040445273435, 0.6221231723888011], "train_accs": [0.38266, 0.5166, 0.57422, 0.61694, 0.65024, 0.67508, 0.69612, 0.7178, 0.73482, 0.74896, 0.75964, 0.77292, 0.783, 0.7912, 0.80092, 0.80808, 0.8203, 0.82302, 0.83118, 0.83704, 0.8441, 0.84986, 0.85616, 0.8599, 0.86604, 0.8697, 0.87628, 0.8805, 0.886, 0.89048, 0.89332, 0.89972, 0.90284, 0.9064, 0.90988, 0.91272, 0.91656, 0.91896, 0.92154, 0.92694, 0.92766, 0.93288, 0.93606, 0.94008, 0.94194, 0.94394, 0.94546, 0.9493, 0.94944, 0.95274], "val_accs": [0.4977, 0.5729, 0.5891, 0.6314, 0.6601, 0.686, 0.7056, 0.7143, 0.726, 0.7353, 0.7486, 0.7509, 0.7667, 0.7591, 0.7643, 0.7812, 0.7823, 0.7822, 0.7944, 0.7843, 0.8001, 0.7849, 0.8019, 0.8036, 0.7961, 0.7974, 0.8099, 0.8138, 0.8056, 0.7987, 0.8163, 0.8144, 0.8177, 0.8218, 0.8195, 0.8187, 0.82, 0.8197, 0.8258, 0.8222, 0.8243, 0.8227, 0.8248, 0.8282, 0.8269, 0.8179, 0.828, 0.8202, 0.8254, 0.835], "epochs_time": 1323.1107659339905, "test_loss": 0.6221231723888011, "test_acc": 0.835}