{"train_losses": [1.527446630055947, 1.1403755899280539, 1.0025204831681898, 0.9092440474063844, 0.8320150297621022, 0.7789137741488874, 0.7359038198085697, 0.6938164791335231, 0.6626484906277084, 0.6322874430652774, 0.6094026898636538, 0.5776432725169774, 0.5604037193538588, 0.5424401198354218, 0.5201993474112753, 0.5014690460298982, 0.4846567814155003, 0.4727002403620259, 0.4538019809805219, 0.44227612220570256, 0.4167351402590037, 0.4078171947194487, 0.39795554751325446, 0.38131831971275837, 0.36696939959245567, 0.3612471092921084, 0.34472470130304544, 0.3329517750636391, 0.32583780960201303, 0.3125978960557972, 0.30507541125845117, 0.2890525778464954, 0.28368632137165656, 0.2761735081139123, 0.26065663356915153, 0.26094970310969123, 0.24436027575712985, 0.24184723358477472, 0.232561581236932, 0.22524642789988872, 0.2153005490789328, 0.2094602705267689, 0.20010485902161854, 0.1939704635221025, 0.18549116691360085, 0.18070633288310922, 0.176507310336813, 0.16263078844836912, 0.15898098155398807, 0.1512217462596381], "val_losses": [1.2218620550783375, 1.1002671288538584, 0.9717195064206666, 0.9869222414644458, 0.8656271190582951, 0.7662673192688182, 0.7224591781821432, 0.7726484125928034, 0.7046693461605266, 0.6457137533381015, 0.6457901408400717, 0.6903190601475632, 0.6278488100329532, 0.6406078602694258, 0.603522902802576, 0.5899479434460024, 0.6021787565720232, 0.6050937745390059, 0.5889973678166354, 0.569707907453368, 0.5625566696818871, 0.5918724404860146, 0.533857277677029, 0.5531209235704397, 0.566157765026334, 0.5487740805631951, 0.5790150110857396, 0.5469422313985945, 0.5277060057166256, 0.5586103221660927, 0.5624697764840307, 0.5623760155484646, 0.5305878308754933, 0.5340992248133768, 0.5492726753029642, 0.5686239038087144, 0.5455168383785441, 0.5559414014031615, 0.5488813202592391, 0.5289204471473452, 0.5415424587605875, 0.5458762425033352, 0.5402336550664298, 0.541808860965922, 0.5690745220908636, 0.5646912108493757, 0.568479260311851, 0.5427531134101409, 0.5493950349620625, 0.5473103670379783], "train_accs": [0.47076, 0.59268, 0.64642, 0.67994, 0.70764, 0.72718, 0.74172, 0.757, 0.7671, 0.7776, 0.78698, 0.7981, 0.80184, 0.80982, 0.81572, 0.8245, 0.83044, 0.83264, 0.84092, 0.8435, 0.85394, 0.85622, 0.86068, 0.86388, 0.87012, 0.8736, 0.88022, 0.88146, 0.88546, 0.89138, 0.89132, 0.89748, 0.89984, 0.90226, 0.90746, 0.90606, 0.9141, 0.91474, 0.91678, 0.9211, 0.9245, 0.92478, 0.93058, 0.93126, 0.93588, 0.93628, 0.93874, 0.94378, 0.94478, 0.94732], "val_accs": [0.5635, 0.6126, 0.6605, 0.6661, 0.7009, 0.7292, 0.75, 0.7273, 0.7508, 0.7733, 0.7768, 0.7631, 0.7841, 0.783, 0.7897, 0.8004, 0.7966, 0.791, 0.8059, 0.8069, 0.8113, 0.8046, 0.8226, 0.8163, 0.8155, 0.8192, 0.8138, 0.8229, 0.8317, 0.8258, 0.8192, 0.8197, 0.833, 0.8332, 0.8288, 0.8184, 0.8278, 0.8321, 0.8308, 0.8373, 0.839, 0.8343, 0.8387, 0.8398, 0.8322, 0.8351, 0.8352, 0.842, 0.8395, 0.8446], "epochs_time": 1305.6875541210175, "test_loss": 0.5473103670379783, "test_acc": 0.8446}