{"train_losses": [1.4727066310165484, 1.0800974977290845, 0.9227401358087349, 0.8012830590652993, 0.7202770027053326, 0.657681447618148, 0.6063356978814011, 0.5596986971700283, 0.5255632679480726, 0.49275902180415593, 0.4633110107668221, 0.43724863067307435, 0.4079593620489321, 0.3888804190375311, 0.37128458879030574, 0.350349302258333, 0.3288655808514646, 0.31317240125535395, 0.2935633486722741, 0.2801211682503181, 0.2651870737752646, 0.2504313250674921, 0.23497611638682578, 0.223287490055994, 0.2186131305478113, 0.20241518065219036, 0.1906523640312807, 0.1792984293854755, 0.1715295435598744, 0.16427204371108423, 0.1569372932414722, 0.1458343773260903, 0.13999833967870154, 0.13987501574408673, 0.12207050321866637, 0.12712623453353677, 0.11570197481976445, 0.11049165635767495, 0.10673023615499287, 0.10100550317417478, 0.09505105272049794, 0.09176586962321683, 0.09205988704053032, 0.08308823318089671, 0.08027591214746313, 0.07951514666799998, 0.07790130075267361, 0.06982125583893198, 0.06585300995079833, 0.06692221784568808], "val_losses": [1.1470250736309002, 0.9661536782602721, 0.8376642661758616, 0.7690012730375121, 0.7299367977848535, 0.6446574088893359, 0.6316366995437236, 0.6425098309034034, 0.5848627309255963, 0.5621332616745671, 0.5438021496881412, 0.5210424759719945, 0.5201882369156126, 0.5332071030441718, 0.5191981694366359, 0.5060118855554846, 0.4950493196897869, 0.5010041496421718, 0.49458915183815777, 0.4945581860934632, 0.48344159503526324, 0.5062977522611618, 0.4811154992520055, 0.5211950889493846, 0.48121307243274736, 0.4836811553451079, 0.5255737102861646, 0.48604581929460355, 0.5074535131077224, 0.5006707735076735, 0.5113828106771542, 0.5245439408323432, 0.5066851286948482, 0.5043464646309237, 0.5063718310262584, 0.5194592070353182, 0.48928443389602855, 0.5531354203254362, 0.5161507727601861, 0.5105229199309892, 0.5310443379456484, 0.5377935948251169, 0.507972272513788, 0.5407320023337497, 0.5294525585597074, 0.5348360853481896, 0.5292074955716918, 0.525213947967638, 0.5224273336839073, 0.539591894308223], "train_accs": [0.46858, 0.61438, 0.67124, 0.71646, 0.74598, 0.76806, 0.78816, 0.80276, 0.81508, 0.82728, 0.83746, 0.84618, 0.85616, 0.86184, 0.86998, 0.8766, 0.88422, 0.8902, 0.89686, 0.90228, 0.90624, 0.9122, 0.91786, 0.92042, 0.92364, 0.92866, 0.93368, 0.93766, 0.94004, 0.94262, 0.945, 0.94934, 0.95128, 0.95072, 0.95736, 0.95588, 0.96014, 0.96084, 0.96254, 0.96596, 0.96702, 0.96864, 0.96776, 0.9708, 0.9716, 0.97282, 0.9731, 0.9758, 0.97754, 0.97726], "val_accs": [0.5879, 0.6553, 0.7041, 0.7333, 0.7482, 0.7779, 0.7836, 0.7787, 0.801, 0.8056, 0.8125, 0.8233, 0.8243, 0.8239, 0.8298, 0.8317, 0.8392, 0.8352, 0.839, 0.8429, 0.8481, 0.8424, 0.846, 0.8424, 0.8479, 0.8557, 0.8456, 0.8566, 0.851, 0.8557, 0.8512, 0.8504, 0.8556, 0.852, 0.8576, 0.8568, 0.8657, 0.8503, 0.8576, 0.8637, 0.8609, 0.8616, 0.8674, 0.8624, 0.8621, 0.8619, 0.8629, 0.867, 0.8622, 0.862], "epochs_time": 2418.1927075386047, "test_loss": 0.539591894308223, "test_acc": 0.862}