{"train_losses": [1.5571805897271236, 1.1930791471925233, 1.030938738447321, 0.9094020353863611, 0.8171350155645014, 0.7453558451074469, 0.6916891981268782, 0.6376190578846066, 0.6025894033482008, 0.5665597993394603, 0.5402587216985805, 0.5098472419754624, 0.4807809441900619, 0.45946747681978717, 0.43642325040019686, 0.4169204673346351, 0.40076961621756446, 0.3852729053448533, 0.3656014930790343, 0.3517951152818587, 0.33322873292371746, 0.32299557884635827, 0.3095596712797194, 0.2928505037980311, 0.2775447719237384, 0.27415507622158436, 0.26359005712563427, 0.25203973165405985, 0.24220779414295845, 0.23283233663157735, 0.22745781170818813, 0.21076118180056666, 0.202728918312913, 0.19998122954650607, 0.18511414583153127, 0.18709323982067425, 0.1735546271724012, 0.16954465555336773, 0.16408232206007098, 0.159682488807327, 0.1504105864106999, 0.13971447776955412, 0.13641411181339216, 0.13069847565325324, 0.130458593635303, 0.12533045242852567, 0.12014746323913869, 0.1156424018590118, 0.10949265766326728, 0.10515295811321425], "val_losses": [1.2672386818294283, 1.0890978695471076, 0.9145832250389871, 0.9094451635698729, 0.7787009892584402, 0.7229973590826686, 0.7146232686465299, 0.6885644567163685, 0.6084763505790807, 0.6302903000312515, 0.6356187304363975, 0.5739811326884017, 0.5719398441193979, 0.6367308746410322, 0.5594575712575188, 0.5340728322161904, 0.5620115976544875, 0.5311627855783776, 0.5401524876869177, 0.5063294968273067, 0.5162289621709268, 0.4992614897746074, 0.5228444998022876, 0.5114206709439242, 0.5002229738084576, 0.5105373542520064, 0.5305350377589841, 0.5216554791866979, 0.5307322993308683, 0.5217067765284188, 0.5362808540274825, 0.5249268970912015, 0.5163254505848582, 0.49847533204887484, 0.5161688572998289, 0.5390771548204785, 0.5198089797285539, 0.4984902305693566, 0.5143164481166043, 0.49730027004887783, 0.5119417038144944, 0.5646327356748944, 0.5111870003651969, 0.5309546842605253, 0.5635567360286471, 0.5340827220602881, 0.5507691706283183, 0.5400757883922963, 0.5377663353198692, 0.5244199595873869], "train_accs": [0.4322, 0.57032, 0.63108, 0.67428, 0.70722, 0.73448, 0.7573, 0.77582, 0.78808, 0.79978, 0.80978, 0.821, 0.83052, 0.83604, 0.84742, 0.85286, 0.85958, 0.86516, 0.8719, 0.87648, 0.88122, 0.88464, 0.89162, 0.89444, 0.90112, 0.9023, 0.90578, 0.91116, 0.91518, 0.91842, 0.91938, 0.92492, 0.92882, 0.92876, 0.93488, 0.93366, 0.9379, 0.94066, 0.94226, 0.94408, 0.9469, 0.94998, 0.95132, 0.95358, 0.9541, 0.95606, 0.95808, 0.95878, 0.96092, 0.96346], "val_accs": [0.5406, 0.6108, 0.6733, 0.681, 0.7261, 0.7469, 0.7548, 0.7587, 0.788, 0.7836, 0.7847, 0.8078, 0.8078, 0.7925, 0.8131, 0.822, 0.8181, 0.8233, 0.8233, 0.8351, 0.8351, 0.8389, 0.8306, 0.8398, 0.8407, 0.842, 0.838, 0.8376, 0.8364, 0.841, 0.8426, 0.8457, 0.8452, 0.8498, 0.8465, 0.8439, 0.8513, 0.8583, 0.8484, 0.858, 0.8549, 0.8426, 0.8575, 0.8532, 0.8512, 0.8561, 0.8553, 0.8533, 0.8555, 0.8597], "epochs_time": 1398.078088760376, "test_loss": 0.5244199595873869, "test_acc": 0.8597}