{"train_losses": [1.6204751833625461, 1.193150769566636, 1.0166772491181904, 0.8827902327108261, 0.7899307709215851, 0.7187453945122106, 0.6663342597691909, 0.6205850772540588, 0.5775929668065533, 0.5479119132699259, 0.5128490504096536, 0.4812635745843658, 0.45572240441046713, 0.4325458294595294, 0.40623704086789086, 0.3892924387360473, 0.3703028847799277, 0.3478656872687742, 0.3320960423449421, 0.31460398142142676, 0.30001634241217545, 0.2841670241807123, 0.2705563749651165, 0.2571031789454963, 0.24353989636730355, 0.23123801539621086, 0.21871153076591393, 0.20522758223669, 0.19823875476408492, 0.18529996365461204, 0.17364373742162115, 0.16898340773780632, 0.15909488807858713, 0.1549816863692325, 0.14487500948941007, 0.14212075193100573, 0.13223992820705294, 0.12415622077558351, 0.11906135768231833, 0.1170681550660554, 0.10869043392350759, 0.10606143862256766, 0.09737933814868598, 0.09392995768895997, 0.0905442595186517, 0.09006581827045401, 0.08051700991056764, 0.07739878909619492, 0.07301093341873201, 0.07330409361197211], "val_losses": [1.2705364197115354, 1.1463333428660525, 0.9782175014290628, 0.8486548541467401, 0.7483178131942507, 0.6998935869977444, 0.7007394112363646, 0.6546848378603971, 0.6549035216434093, 0.6195264292668693, 0.6181232604799392, 0.57499115225635, 0.5880121939544436, 0.5695851562143881, 0.5879194600672661, 0.5860289108904102, 0.5272404427015329, 0.5603370104409471, 0.5620913731900952, 0.5833535149127622, 0.5487097494209869, 0.5465594496153579, 0.5544708752179448, 0.5559211371442939, 0.5546103498980969, 0.5533068342299401, 0.5430330709566044, 0.5764368548046185, 0.5443512057956261, 0.5538805362921727, 0.5734924111939683, 0.5696478493605988, 0.5680411144902434, 0.5834705906955502, 0.5399478434384624, 0.5697282624395588, 0.5241055460293081, 0.5856051409169089, 0.5775227627799481, 0.5843947045033491, 0.5876353933841367, 0.5789404905672315, 0.5779334876356246, 0.6031568289934834, 0.6106292077257663, 0.602540412281133, 0.6088741719722748, 0.6056527472749541, 0.6328025343297403, 0.5993984749045553], "train_accs": [0.42372, 0.57084, 0.63908, 0.6896, 0.71988, 0.74778, 0.76584, 0.78232, 0.79666, 0.80824, 0.8193, 0.8299, 0.84044, 0.84606, 0.85608, 0.8622, 0.86942, 0.878, 0.88252, 0.88814, 0.89308, 0.89866, 0.9053, 0.90904, 0.91358, 0.91834, 0.9227, 0.9267, 0.92962, 0.93518, 0.93952, 0.93952, 0.9426, 0.94536, 0.9492, 0.94918, 0.95444, 0.95562, 0.9574, 0.95854, 0.96084, 0.96286, 0.9665, 0.9672, 0.96822, 0.96796, 0.9717, 0.97324, 0.97434, 0.97406], "val_accs": [0.538, 0.601, 0.6505, 0.6979, 0.7354, 0.7579, 0.7547, 0.7676, 0.7742, 0.7909, 0.7889, 0.8039, 0.8043, 0.8124, 0.8053, 0.8072, 0.8258, 0.8202, 0.8251, 0.8169, 0.8257, 0.8317, 0.8302, 0.8361, 0.8349, 0.8338, 0.839, 0.8345, 0.8414, 0.8426, 0.8328, 0.8387, 0.8418, 0.8418, 0.8551, 0.8465, 0.8576, 0.8476, 0.8484, 0.8483, 0.8512, 0.8477, 0.8497, 0.8498, 0.8509, 0.8551, 0.853, 0.8519, 0.8514, 0.8564], "epochs_time": 2329.7389166355133, "test_loss": 0.5993984749045553, "test_acc": 0.8564}