{"train_losses": [1.4256702670660775, 1.0528606587968519, 0.9132217345640178, 0.8126640344214866, 0.7425383683818075, 0.6868143016877382, 0.6493247921966836, 0.6081729128842464, 0.5763921960997764, 0.5481438508728886, 0.5220721152889759, 0.49686728528393503, 0.47919638771230305, 0.45936633109131736, 0.4370870656522034, 0.4208685129576022, 0.403046819826831, 0.38797338188761643, 0.3674960097159876, 0.35982418658635806, 0.33518776465254974, 0.3286298678049346, 0.31850247389977543, 0.3122626234350912, 0.28935611914948123, 0.27688484160644017, 0.2718472617590214, 0.25655295156761815, 0.24804889418356255, 0.23732270854894463, 0.22700990686941025, 0.2205454832528863, 0.21040886419508464, 0.20473072675945203, 0.19351122459715894, 0.18778859332318196, 0.17458747731297827, 0.169035033458639, 0.16698683962187805, 0.1591049506117011, 0.15780251693275885, 0.14846192357485252, 0.14469714457040553, 0.1350257193760189, 0.13199798898090181, 0.1259854165241694, 0.12206012219228708, 0.11179434172713848, 0.115197893117776, 0.10649288506211375], "val_losses": [1.043424198899088, 0.9370313513128063, 0.8552057509180866, 0.7517668137067481, 0.7216785731194895, 0.668505406077904, 0.6608214291590678, 0.6597443283358707, 0.6153465781030776, 0.5986446330818949, 0.5667048775697057, 0.5710585671889631, 0.5637660049184968, 0.5756917165804513, 0.5512521006638491, 0.5549568243419067, 0.5465102791786194, 0.5070285736760006, 0.528891622265683, 0.5302370896067801, 0.5290679818467249, 0.5114165453971187, 0.5051733532661125, 0.5093349799325194, 0.49482682385022125, 0.4974477875836288, 0.5063535850259322, 0.5429784255691722, 0.5169396685271324, 0.49975798929793924, 0.4914718568325043, 0.5122477919617786, 0.4964404068415678, 0.4970018207272397, 0.5097454546750346, 0.49558996437471126, 0.4885142611551888, 0.5040283902913709, 0.5424204676211635, 0.5218541703269451, 0.4926739597245108, 0.527068022119848, 0.4889769039199322, 0.49855740556988537, 0.5088611288538462, 0.5098520513576797, 0.5199386932050125, 0.5205290093074871, 0.4981373563597474, 0.5109914671393889], "train_accs": [0.49666, 0.6251, 0.67692, 0.7131, 0.73928, 0.75988, 0.77142, 0.78666, 0.79582, 0.8084, 0.81868, 0.82574, 0.83288, 0.83878, 0.84454, 0.8533, 0.85858, 0.86566, 0.8715, 0.87434, 0.88092, 0.88468, 0.88898, 0.89084, 0.8993, 0.90296, 0.90336, 0.91004, 0.91248, 0.91738, 0.91924, 0.9226, 0.92502, 0.9285, 0.93138, 0.93438, 0.93734, 0.94114, 0.9408, 0.94332, 0.94568, 0.94846, 0.94932, 0.95258, 0.9537, 0.95612, 0.95742, 0.96186, 0.9598, 0.9637], "val_accs": [0.6282, 0.6702, 0.7026, 0.7349, 0.7461, 0.7693, 0.7722, 0.7715, 0.788, 0.7944, 0.8014, 0.8051, 0.8065, 0.8099, 0.8174, 0.8177, 0.8155, 0.8289, 0.8263, 0.8259, 0.8301, 0.8347, 0.8372, 0.842, 0.8396, 0.8415, 0.8407, 0.8303, 0.8384, 0.848, 0.8453, 0.8417, 0.8468, 0.8491, 0.8472, 0.8523, 0.8532, 0.85, 0.8452, 0.8524, 0.8593, 0.8525, 0.8562, 0.8574, 0.859, 0.8587, 0.858, 0.857, 0.8633, 0.8594], "epochs_time": 2208.883075237274, "test_loss": 0.5109914671393889, "test_acc": 0.8594}