{"train_losses": [1.7667037163244184, 1.3174126849454992, 1.151414969540618, 1.0315657431817116, 0.9431134665103824, 0.8665388258521819, 0.8082705080661627, 0.7534011619170303, 0.7093722522258759, 0.6736783903578053, 0.6377281769919578, 0.602586558331614, 0.5761344552497425, 0.5538628084580307, 0.5265696071602805, 0.5053261130514657, 0.48253072466691743, 0.4691116975244049, 0.4435759280877345, 0.4285512570377506, 0.40763292341585966, 0.3914557623360163, 0.37401485706076903, 0.361766505729207, 0.342830129558473, 0.334078620499967, 0.31918561412855184, 0.303372537769625, 0.2888152259771171, 0.27904810910792, 0.26764583618134796, 0.2509162379500201, 0.24465720803307756, 0.23854826813768548, 0.22703429075229503, 0.21359965502453582, 0.20733636381376125, 0.1978093733072586, 0.19400744140148163, 0.17938945621556943, 0.17445138249250933, 0.16556551316014642, 0.1607416850869613, 0.14703129435820347, 0.14334395766982336, 0.13797292719259285, 0.1338988673370665, 0.12495684838089187, 0.12449563754832044, 0.11360824912252938], "val_losses": [1.420791152157361, 1.2442827707604518, 1.1155141493942164, 1.084219774867915, 0.9601265833347659, 0.8614403220671641, 0.8497272511071796, 0.8053925814507883, 0.7954725955106035, 0.709369038101993, 0.6874497830867767, 0.6872887724562536, 0.672727231360689, 0.6954247781747505, 0.6692543671100954, 0.618425688411616, 0.6421473965614657, 0.639358870968034, 0.5987169391746763, 0.6085612864433965, 0.5933636589140832, 0.6177939250122143, 0.5829783391348923, 0.6052100552788263, 0.6152603422539143, 0.6180146691165392, 0.5827033651780479, 0.5711099460155149, 0.6129702005205275, 0.6018092854868008, 0.5986912001537371, 0.6095966941948179, 0.5983204581315005, 0.6034967725789999, 0.6056058399284943, 0.6044390888153752, 0.6411846974228002, 0.6103585962253281, 0.5910391313365743, 0.594208523065229, 0.5880964085271086, 0.6018271072755886, 0.6194742257836499, 0.6162994405891322, 0.5891310749929163, 0.6395536627196059, 0.6209756479233126, 0.6360170331936849, 0.6466012668760517, 0.6108318482395969], "train_accs": [0.38718, 0.53184, 0.5908, 0.63284, 0.66414, 0.69426, 0.71502, 0.73274, 0.7519, 0.76012, 0.77528, 0.7887, 0.79774, 0.80454, 0.81344, 0.82246, 0.8303, 0.83478, 0.84366, 0.84836, 0.85704, 0.8619, 0.86738, 0.872, 0.87988, 0.88216, 0.88734, 0.89192, 0.89844, 0.90086, 0.90522, 0.91122, 0.91364, 0.91596, 0.92036, 0.92608, 0.92712, 0.93186, 0.9313, 0.93792, 0.93886, 0.94176, 0.9434, 0.94896, 0.95088, 0.95148, 0.95422, 0.95752, 0.95632, 0.96116], "val_accs": [0.4995, 0.5618, 0.6174, 0.6155, 0.6689, 0.6964, 0.7053, 0.7145, 0.7256, 0.7508, 0.7612, 0.7616, 0.7702, 0.7626, 0.7735, 0.7918, 0.7868, 0.7813, 0.8, 0.7981, 0.8008, 0.8021, 0.8084, 0.8071, 0.8079, 0.8043, 0.8159, 0.8174, 0.8152, 0.8145, 0.8145, 0.8148, 0.8164, 0.8188, 0.8209, 0.8226, 0.8139, 0.8206, 0.8287, 0.8294, 0.83, 0.8279, 0.8257, 0.8284, 0.8334, 0.826, 0.8283, 0.8281, 0.8276, 0.8352], "epochs_time": 1441.1499891281128, "test_loss": 0.6108318482395969, "test_acc": 0.8352}