{"train_losses": [1.5716302538161997, 1.161659289199068, 0.9828234610655119, 0.859753583550758, 0.7729106607949338, 0.6934560760665123, 0.645875398993797, 0.5913702062786083, 0.5564893910951931, 0.5249244156853318, 0.48949494317669395, 0.4625541911558117, 0.43015533293147223, 0.40886384812767246, 0.3899987233264367, 0.36985623973714726, 0.34722156510176255, 0.333177516032058, 0.308337369328722, 0.29417976489304887, 0.2787484692795502, 0.26238576092226124, 0.24999768763323268, 0.2347364923190278, 0.22918020501313613, 0.215807719818314, 0.20419876397494466, 0.19351241404138259, 0.18186609026835399, 0.17490789684874322, 0.16414272788997805, 0.15547604523503872, 0.1478448178133239, 0.14434724906102167, 0.13206564495935463, 0.131697515354437, 0.11798568389109333, 0.11996872222903744, 0.11009642349370301, 0.10909126276898262, 0.0995408554211297, 0.09501306611634887, 0.0897893881106087, 0.08158102047527233, 0.08650106389332762, 0.08065766301911201, 0.07651907681008739, 0.07486832822146623, 0.06998093566997811, 0.06588199011543218], "val_losses": [1.2339644764043107, 1.0291891844966743, 0.9195754279064227, 0.913277082050903, 0.7507622762571408, 0.7021135653876052, 0.6698680188082442, 0.6516102714629113, 0.6092461845542811, 0.6091575283038465, 0.5809692993194242, 0.5686953656281097, 0.580445789838139, 0.5775703338882591, 0.5419926773520964, 0.5339021535613869, 0.531677499224868, 0.5579224949396109, 0.5292130659652662, 0.5184371380866328, 0.5368803335896021, 0.5631259379884864, 0.5148314465827579, 0.5131579465881179, 0.5077569646925866, 0.5275273301367518, 0.5440724858000309, 0.5325969582117056, 0.5952332925192917, 0.5436819114639789, 0.5081721438637262, 0.5539556688900236, 0.5287420270563681, 0.5428715106807177, 0.5536452452593212, 0.5481953847257397, 0.5416569434389283, 0.541830720780771, 0.5588154076020929, 0.5804160486293745, 0.5788443720416178, 0.5585759870613678, 0.5604587995176074, 0.5646698942667321, 0.5790263165401507, 0.5675962644664547, 0.5912340238124509, 0.562707199703289, 0.6096439561511897, 0.6058286605756494], "train_accs": [0.43188, 0.58346, 0.65046, 0.6943, 0.72596, 0.75448, 0.77336, 0.79028, 0.80478, 0.81414, 0.82914, 0.83548, 0.84916, 0.85506, 0.86322, 0.86918, 0.87688, 0.88396, 0.89068, 0.89468, 0.90148, 0.90694, 0.91342, 0.91858, 0.92018, 0.92466, 0.92926, 0.93202, 0.9361, 0.93854, 0.9427, 0.94494, 0.94746, 0.9489, 0.9543, 0.9545, 0.95846, 0.95734, 0.96158, 0.96152, 0.96434, 0.96676, 0.969, 0.97204, 0.96892, 0.97224, 0.97296, 0.9742, 0.97568, 0.97648], "val_accs": [0.5604, 0.6324, 0.6748, 0.6829, 0.7363, 0.754, 0.77, 0.7738, 0.7904, 0.791, 0.8011, 0.8046, 0.8067, 0.8087, 0.816, 0.8215, 0.8225, 0.8134, 0.8286, 0.8296, 0.8308, 0.8199, 0.8407, 0.8396, 0.8412, 0.8418, 0.8387, 0.84, 0.8269, 0.8388, 0.8506, 0.8414, 0.8495, 0.8446, 0.8434, 0.8488, 0.8527, 0.8515, 0.8502, 0.8453, 0.8464, 0.8524, 0.8539, 0.8556, 0.8533, 0.857, 0.8564, 0.858, 0.8497, 0.8546], "epochs_time": 1390.1676330566406, "test_loss": 0.6058286605756494, "test_acc": 0.8546}