{"train_losses": [1.528279684083846, 1.0994321060607501, 0.9265502901638255, 0.817116157782962, 0.7418397995059752, 0.674812445783859, 0.6304896929684807, 0.5851359167672179, 0.5517370436350097, 0.5192514780689689, 0.48933820209234874, 0.4613586578832563, 0.43959453229404166, 0.41644707581271295, 0.3923195522764455, 0.37628274504333503, 0.35709850219509487, 0.3379915720209136, 0.31937654632741536, 0.30819800248383866, 0.285635172901556, 0.27386336685980067, 0.2676099732594417, 0.24802131468758865, 0.23651623520095025, 0.22466403613691135, 0.215825304789159, 0.2031454247663088, 0.19533228851340312, 0.1827405569193613, 0.17122732375360206, 0.16947878224541768, 0.15692042117304814, 0.14615013921047415, 0.14383806960890666, 0.13794377752010475, 0.12864909305825561, 0.1214701035119536, 0.12218199387345167, 0.11114768618646333, 0.11019845134423822, 0.10306661211125687, 0.098243088430494, 0.09240297379586702, 0.09260887259145832, 0.09028341477293797, 0.08734452657287231, 0.07710712475230551, 0.07625557799511554, 0.07158761552018125], "val_losses": [1.168550846697409, 0.9986584231823306, 0.929497887062121, 0.77297328921813, 0.7356474286393274, 0.6768180667599545, 0.6972666107401063, 0.6626182323015188, 0.6314445771748507, 0.6033049286166324, 0.5708019269418113, 0.5740083629571939, 0.5462906292722195, 0.5496744702133951, 0.5603351310084138, 0.576082265075249, 0.5043490034869954, 0.5361740906027299, 0.5380731907826436, 0.5408718751955636, 0.5280821100820469, 0.5428044992157176, 0.5512479598386378, 0.5844023416313944, 0.5250935565821732, 0.5316897268536724, 0.5256384750710258, 0.5527979143058197, 0.5352855055015299, 0.5488482491125034, 0.5418700583373444, 0.5480675976487654, 0.5383632328314117, 0.5349357209250897, 0.5568035203444807, 0.585584358701223, 0.524107109708122, 0.5430387024638019, 0.5484267209149614, 0.5524547965843466, 0.5369510090426554, 0.5699335796923577, 0.5724248052397861, 0.590262083879, 0.5690387174298491, 0.5525225519756728, 0.6039143097174319, 0.5763561833131162, 0.5749794182520879, 0.5822208297403553], "train_accs": [0.4593, 0.6074, 0.67128, 0.70946, 0.73702, 0.76288, 0.77804, 0.79446, 0.80494, 0.81844, 0.82952, 0.83848, 0.84612, 0.8541, 0.86178, 0.8672, 0.87446, 0.88174, 0.88562, 0.89088, 0.89906, 0.90364, 0.90666, 0.91334, 0.91672, 0.92076, 0.92326, 0.92756, 0.93064, 0.9363, 0.93892, 0.9405, 0.9443, 0.9485, 0.9502, 0.95136, 0.95396, 0.9566, 0.95704, 0.9615, 0.96102, 0.96362, 0.96556, 0.96744, 0.9673, 0.96836, 0.96976, 0.97292, 0.9742, 0.975], "val_accs": [0.5788, 0.6517, 0.6714, 0.7236, 0.7397, 0.7642, 0.7564, 0.7702, 0.7826, 0.7937, 0.8071, 0.8047, 0.8162, 0.8166, 0.8129, 0.8128, 0.8309, 0.8274, 0.8271, 0.8259, 0.8304, 0.8304, 0.8338, 0.8271, 0.8411, 0.8433, 0.8442, 0.8422, 0.8439, 0.8451, 0.8446, 0.8439, 0.8525, 0.8535, 0.8483, 0.845, 0.8616, 0.852, 0.8578, 0.8561, 0.8624, 0.8549, 0.8572, 0.8503, 0.8543, 0.8593, 0.8564, 0.8606, 0.8572, 0.8613], "epochs_time": 2326.606052160263, "test_loss": 0.5822208297403553, "test_acc": 0.8613}