{"train_losses": [1.7003065225718272, 1.3180185742390431, 1.1761487615687767, 1.065861956237832, 0.98693676266219, 0.9169104446840408, 0.8623911364913901, 0.8101544410676298, 0.769254859070034, 0.7367622584028317, 0.7041949158739251, 0.6762050432164955, 0.6482835758067763, 0.6230736800166957, 0.6000206303566008, 0.5816445378086451, 0.5628522288463914, 0.5471903174124715, 0.525189538059942, 0.5105476680466586, 0.4904594223974916, 0.47754966054121245, 0.46485206827788095, 0.44822474475711815, 0.4390458213475049, 0.4252891090443677, 0.40859082821385023, 0.4018861223440951, 0.3955297587472764, 0.3783122291192984, 0.3678833787779674, 0.35544050749762895, 0.343715437461653, 0.34209445320889165, 0.3283319245747593, 0.32334496804972745, 0.3117305628212212, 0.3093637572148877, 0.2953381507140596, 0.28768608991599753, 0.2753074299877562, 0.271921816879831, 0.2608637068125293, 0.2535229134933113, 0.2499584479595694, 0.2419422765445831, 0.23609440987143676, 0.2307029501403994, 0.21523259763065203, 0.21313108646732462], "val_losses": [1.3730752000325843, 1.206080522718309, 1.0777256398261348, 1.0314106911043577, 0.9136347936678536, 0.8542844970015031, 0.8970574298991433, 0.8195689214935785, 0.7703592596174795, 0.7518250429177586, 0.7238669651973096, 0.7252657371985761, 0.6817040303839913, 0.7159148782868928, 0.6676468015471592, 0.6584910723981978, 0.6477909872803507, 0.6552912509894069, 0.6012604813787001, 0.6286778155761429, 0.6061912243124805, 0.6124412938009335, 0.5976975601685198, 0.5768273005002662, 0.6043909139271024, 0.6032576500614987, 0.5880445849291885, 0.5681329667568207, 0.597030183182487, 0.5938046136988869, 0.562250854659684, 0.5785069944737833, 0.5562695906132082, 0.5672488537015794, 0.5990545819454556, 0.542771036866345, 0.5606340786701516, 0.5825851686015914, 0.5545913995821264, 0.5638200502984131, 0.5400712099633639, 0.5738392749541923, 0.5854367583612853, 0.5611429010765462, 0.570928586811959, 0.5891224646681472, 0.5927002322447451, 0.5812846671176862, 0.557574677693693, 0.5686266078979154], "train_accs": [0.39876, 0.52394, 0.57566, 0.61858, 0.64936, 0.67368, 0.69518, 0.71188, 0.7285, 0.73928, 0.75252, 0.7616, 0.77186, 0.7799, 0.78814, 0.79438, 0.80124, 0.80586, 0.81328, 0.8209, 0.82572, 0.8309, 0.83586, 0.84122, 0.84596, 0.84792, 0.85426, 0.85732, 0.85972, 0.86564, 0.86892, 0.87398, 0.8778, 0.87822, 0.88266, 0.8854, 0.88792, 0.89056, 0.8957, 0.89644, 0.90336, 0.90332, 0.90684, 0.90962, 0.91116, 0.91418, 0.9167, 0.9174, 0.92106, 0.92428], "val_accs": [0.4968, 0.5675, 0.6166, 0.6306, 0.672, 0.6982, 0.6883, 0.7131, 0.7375, 0.7361, 0.7483, 0.7479, 0.7588, 0.7596, 0.7666, 0.7739, 0.7789, 0.7722, 0.7942, 0.7863, 0.7985, 0.7905, 0.8007, 0.8112, 0.8013, 0.8032, 0.8093, 0.8123, 0.8074, 0.8055, 0.8177, 0.8184, 0.8216, 0.8166, 0.8139, 0.8261, 0.8242, 0.8174, 0.828, 0.8261, 0.838, 0.8278, 0.8212, 0.8314, 0.8292, 0.8235, 0.8293, 0.8332, 0.8359, 0.8346], "epochs_time": 1383.8932058811188, "test_loss": 0.5686266078979154, "test_acc": 0.8346}