{"train_losses": [1.3745933527226948, 1.031419154170834, 0.8847978442831113, 0.7855065602933049, 0.7147375147056092, 0.657356307024846, 0.6148209747908365, 0.5736661920767001, 0.5423554728555557, 0.5130979770132343, 0.48337572782545746, 0.45912295046364865, 0.4349532101846412, 0.4164025520958254, 0.3940906072669017, 0.38204991135298444, 0.3588831750175837, 0.34304380961848646, 0.32885790743943677, 0.31440880532612275, 0.30051141398032305, 0.2831042425711746, 0.2694658373322938, 0.25696260663097165, 0.2467509570252865, 0.23935318532426034, 0.2257716873532061, 0.2163516581630158, 0.20642462614780802, 0.19819219692436327, 0.19027946889400482, 0.1829757328762118, 0.17363664767016534, 0.1673759192304538, 0.15761823967442185, 0.15397674711349676, 0.1439042591568454, 0.14120169886199715, 0.1353769131157252, 0.13173334713062973, 0.12249693397403982, 0.1161432485370075, 0.11158544081918266, 0.11075682707531068, 0.10362315612375889, 0.10307416286500519, 0.09749287968058415, 0.09369664973653186, 0.08546823896753514, 0.08305935370628639], "val_losses": [1.0686386491678939, 0.9209309016601949, 0.7945437559598609, 0.7557640037959135, 0.6918493230131608, 0.6455055256433124, 0.6211827914171582, 0.6256763286228422, 0.5702175448966932, 0.550742442094827, 0.5483153707618955, 0.5448810503452639, 0.5329072573516942, 0.5454987747759759, 0.508648074314564, 0.4931072241897824, 0.5105661391457424, 0.48996902492981925, 0.505233828591395, 0.4876816978182974, 0.48379946075662783, 0.4874681560676309, 0.4742175167119956, 0.4937999350360677, 0.46734101447878007, 0.47493927708909484, 0.4990877201662788, 0.49593371228326727, 0.48136956254138225, 0.48077654159521754, 0.4843120020401629, 0.48376279767555525, 0.4745318057793605, 0.4851946415780466, 0.46920825163774854, 0.4731829588926291, 0.4689686190855654, 0.4908765750595286, 0.491551343964625, 0.4928465857158733, 0.48645334077786795, 0.480847793478, 0.4879585136718388, 0.4891971572290493, 0.496712121405179, 0.5065717302922961, 0.4990057711359821, 0.4950855270593981, 0.4814426136922233, 0.49170093106318125], "train_accs": [0.50588, 0.63154, 0.6877, 0.72396, 0.74778, 0.7708, 0.78548, 0.7977, 0.81018, 0.81858, 0.831, 0.83766, 0.84594, 0.85298, 0.86276, 0.8667, 0.87434, 0.8802, 0.88556, 0.89038, 0.89508, 0.90206, 0.90642, 0.912, 0.9152, 0.91702, 0.92194, 0.92386, 0.92754, 0.93076, 0.93528, 0.93678, 0.93932, 0.9422, 0.94714, 0.94782, 0.95136, 0.95198, 0.95306, 0.95606, 0.95908, 0.96074, 0.96274, 0.96244, 0.96482, 0.96506, 0.96796, 0.9685, 0.9713, 0.9724], "val_accs": [0.6162, 0.674, 0.7208, 0.7361, 0.7583, 0.7773, 0.7868, 0.7833, 0.8038, 0.8077, 0.8117, 0.8142, 0.8216, 0.818, 0.8292, 0.8343, 0.8286, 0.8339, 0.832, 0.8401, 0.8422, 0.8366, 0.8445, 0.8434, 0.8449, 0.8474, 0.8442, 0.8412, 0.8532, 0.849, 0.8503, 0.85, 0.8531, 0.8499, 0.8543, 0.8564, 0.8585, 0.8548, 0.8511, 0.8496, 0.8587, 0.8596, 0.854, 0.8599, 0.8596, 0.8534, 0.862, 0.8536, 0.8627, 0.8615], "epochs_time": 1399.648928642273, "test_loss": 0.49170093106318125, "test_acc": 0.8615}