{"train_losses": [1.664089772097595, 1.2592668153745743, 1.1044643649359798, 0.9924172859667512, 0.9105776764852617, 0.8390233184370544, 0.7834781970819245, 0.73065507137562, 0.6917344780681688, 0.6515573817293357, 0.6253855806939742, 0.5899121726260466, 0.5633341610584113, 0.5457675296937108, 0.5198401809500917, 0.4955141035187275, 0.4742008039865957, 0.4575138130151402, 0.4373162279043661, 0.4229430531144447, 0.4002002635422875, 0.3835702315925637, 0.37487305605502996, 0.35801902386690954, 0.346993872348, 0.3342743541121178, 0.31832567390883365, 0.3079800664845025, 0.29775018875708664, 0.2866828393600786, 0.27460648357639533, 0.25919195575177517, 0.2517349183597528, 0.24723520711102448, 0.22783626863718642, 0.22711214430801704, 0.21229136388396364, 0.20875921828286423, 0.1987091761149104, 0.18962435205193126, 0.1797545234794202, 0.17242804664137112, 0.16497587913747333, 0.15713935898011908, 0.15176616281347202, 0.14685643652973274, 0.14110086792532137, 0.13330012849529685, 0.12704382670085754, 0.12177245820993962], "val_losses": [1.2957237672202195, 1.166684372515618, 1.1071267346792584, 0.997813888742954, 0.910041228125367, 0.8274028670938709, 0.8484988476656661, 0.7315207757527316, 0.7396703943421569, 0.6949674619149558, 0.6667821003666407, 0.6825681506078455, 0.6375945482072951, 0.6445807637293127, 0.6232685061949718, 0.6069799137266376, 0.635310971661459, 0.6039360271224493, 0.5963762576066995, 0.606864207907568, 0.5912295459192011, 0.6073161457912831, 0.5751958572411839, 0.6035312391534636, 0.5925634307197377, 0.5541969982883598, 0.5750108168849463, 0.5566620887080326, 0.5940237305586851, 0.5642484226558782, 0.5528203969514822, 0.5558416115332253, 0.5749785779397699, 0.5698214060143579, 0.5714673997857903, 0.5639561644837826, 0.5927431353285343, 0.5942260015614426, 0.5735660938522483, 0.5774630006355576, 0.5951905171327954, 0.5993983802161639, 0.5870954994159409, 0.6207108342949348, 0.6391263094883931, 0.5963813077799881, 0.610762429011019, 0.6017736807654176, 0.5732954759386522, 0.6127613813062257], "train_accs": [0.42498, 0.5483, 0.60832, 0.64614, 0.67378, 0.70302, 0.7243, 0.74174, 0.7548, 0.76944, 0.77984, 0.79094, 0.8023, 0.80728, 0.81636, 0.82476, 0.83096, 0.84082, 0.84552, 0.85044, 0.85952, 0.86464, 0.86524, 0.8737, 0.87722, 0.88044, 0.8867, 0.8906, 0.89392, 0.90008, 0.90414, 0.90796, 0.91054, 0.91314, 0.91804, 0.91946, 0.92468, 0.92626, 0.92952, 0.93368, 0.9366, 0.93944, 0.94144, 0.94554, 0.94634, 0.94888, 0.95068, 0.9533, 0.95548, 0.95688], "val_accs": [0.5301, 0.588, 0.6192, 0.6511, 0.6835, 0.7086, 0.7057, 0.7435, 0.7443, 0.7623, 0.7723, 0.7718, 0.786, 0.7818, 0.7897, 0.7937, 0.794, 0.7966, 0.8039, 0.7997, 0.8052, 0.8041, 0.8102, 0.8097, 0.8117, 0.8238, 0.8184, 0.8253, 0.8212, 0.8247, 0.8286, 0.8265, 0.8285, 0.8255, 0.8263, 0.8292, 0.8249, 0.8257, 0.8333, 0.8312, 0.8314, 0.8286, 0.8294, 0.8302, 0.8205, 0.8315, 0.8325, 0.8359, 0.8398, 0.8348], "epochs_time": 1497.2604603767395, "test_loss": 0.6127613813062257, "test_acc": 0.8348}