{"train_losses": [1.5725360480720734, 1.1957119761220634, 1.0280681671693808, 0.9052780968758761, 0.822110219074942, 0.7502047843335534, 0.6989719161901937, 0.6541059650576023, 0.6227013667678589, 0.5815421260531296, 0.5553631790153816, 0.5292000657762103, 0.5026290138511706, 0.4803818907884076, 0.45557018885832, 0.4381987458604681, 0.421123757158094, 0.401786389596322, 0.38377559474667017, 0.37184006951349163, 0.3500632343008695, 0.34231432967478664, 0.3248798570135975, 0.317596163133831, 0.30360299977652555, 0.2922206857930059, 0.2808185287220094, 0.2676871793578043, 0.26003763354038034, 0.24858146949725993, 0.24000534943073912, 0.22689651486361423, 0.221863516570662, 0.2169242515836073, 0.20679489675613924, 0.2047753260397088, 0.19141550118203662, 0.1818383017464367, 0.17946744016597949, 0.17064950681860794, 0.16443341295889882, 0.1598013937663849, 0.15107448372389654, 0.14835218802246902, 0.14403853845565825, 0.13762770089156487, 0.13391598966687232, 0.1273771291193755, 0.12327196956862269, 0.12160106334844818], "val_losses": [1.219091092483907, 1.0654694543609136, 1.023230336889436, 0.9016054491453533, 0.7722136084037491, 0.7142055268529095, 0.73169744920127, 0.7448869747451589, 0.6670518279830112, 0.6337653123125245, 0.621212696727318, 0.6300697115403188, 0.5853143160856222, 0.5736711394937732, 0.5987326755553861, 0.5732099828840811, 0.5405220860921884, 0.5367164385469654, 0.5564327881306033, 0.5590738291981854, 0.5521581882162939, 0.5233995571166654, 0.5883416303350956, 0.5594994195654422, 0.5028947120225882, 0.5705610313747502, 0.5042986918853808, 0.5492799802671505, 0.543266498967062, 0.5136346988662889, 0.5159446146292023, 0.5265841170956816, 0.5522465147549593, 0.5344065322151667, 0.5244640553299385, 0.52052152005932, 0.5173430286253555, 0.5391493266141867, 0.5591704898242709, 0.5172641631923144, 0.5484677690871155, 0.5486741541307184, 0.5420777933507026, 0.5669018490405022, 0.5629151955812792, 0.5494871448866928, 0.6029935428236104, 0.5541631760476511, 0.574798501745055, 0.5433196276426315], "train_accs": [0.43342, 0.56912, 0.63364, 0.67624, 0.70764, 0.73592, 0.75174, 0.76958, 0.77876, 0.79578, 0.8059, 0.81446, 0.82258, 0.8307, 0.84066, 0.84538, 0.85234, 0.85914, 0.86404, 0.86874, 0.87618, 0.8788, 0.8858, 0.88772, 0.89244, 0.89626, 0.90148, 0.90384, 0.908, 0.91186, 0.91586, 0.91816, 0.92068, 0.92212, 0.92692, 0.92752, 0.93284, 0.9359, 0.93604, 0.9406, 0.9418, 0.94342, 0.94704, 0.9473, 0.94894, 0.95112, 0.9517, 0.95382, 0.9565, 0.9565], "val_accs": [0.5576, 0.6233, 0.6488, 0.6882, 0.7285, 0.7542, 0.7459, 0.7472, 0.7695, 0.7838, 0.7881, 0.7859, 0.7994, 0.8095, 0.8027, 0.8087, 0.8135, 0.8213, 0.8202, 0.8185, 0.8201, 0.8288, 0.8158, 0.8279, 0.8443, 0.8282, 0.8433, 0.8352, 0.8346, 0.8477, 0.8467, 0.8398, 0.8427, 0.8461, 0.8465, 0.8501, 0.8555, 0.8505, 0.8481, 0.8572, 0.8516, 0.8513, 0.8551, 0.8528, 0.8504, 0.8555, 0.8489, 0.8583, 0.8528, 0.861], "epochs_time": 1941.3538892269135, "test_loss": 0.5433196276426315, "test_acc": 0.861}