{"train_losses": [1.5657839500690665, 1.1277384145180587, 0.9484616920466313, 0.8312530069399977, 0.7370862986730493, 0.6714877388666353, 0.621547406515502, 0.5688605406095305, 0.5308083788970547, 0.4946091713198006, 0.4692125815869597, 0.43665461002103506, 0.4098112920056219, 0.3889960731234392, 0.3692416642861598, 0.3493104063336502, 0.32323446641187836, 0.3123159218017402, 0.2910940812905426, 0.2772095196539789, 0.2607460627165597, 0.24486727541898523, 0.23314480475909874, 0.2194161297339003, 0.2094993209251967, 0.19773942388384544, 0.18664360050197756, 0.17569203231759997, 0.1666457424383334, 0.1570783420596891, 0.1505943095344869, 0.13719874531830972, 0.13500051476690164, 0.1303158119378035, 0.11872614325617281, 0.11576142550810524, 0.10924715476344003, 0.11227818682332479, 0.10328178939974064, 0.09683576417739129, 0.08839300404424252, 0.08749439527311594, 0.08466610655455334, 0.0790680894089858, 0.07738033653048755, 0.07619493511383948, 0.07155831090991607, 0.06820037604197669, 0.0587602883501126, 0.06009071085916456], "val_losses": [1.2170983085149452, 1.0063405285907696, 0.8652499008782303, 0.7827371109890032, 0.7323385658143442, 0.675874092156374, 0.6251151803173597, 0.6136698685114896, 0.5803366620329362, 0.5880917367301409, 0.5662366646000102, 0.5372657111928433, 0.5488585678836967, 0.560065367176563, 0.5326900561399097, 0.5210665064521983, 0.5481780971152873, 0.5140545696397371, 0.5141650683517698, 0.5049180422402635, 0.5217219617547868, 0.528400301556044, 0.5097936610632305, 0.504176252910608, 0.5102161874499502, 0.4964079843668998, 0.5044861081280286, 0.5076126520392261, 0.5237799486781978, 0.5286144452004493, 0.5126493629775469, 0.5400998660280735, 0.5187243155286282, 0.5114850620680218, 0.5198472157309327, 0.5593929881159263, 0.5315274871602843, 0.5382055508185036, 0.5499292879919463, 0.5440369470964505, 0.5412228560145897, 0.5529482347678535, 0.5280082968971397, 0.5495826047432574, 0.5673468758033801, 0.5476630026403861, 0.5461163143568402, 0.5718507585646231, 0.5591398215369333, 0.5490639266334002], "train_accs": [0.43444, 0.5953, 0.66226, 0.70624, 0.74142, 0.7645, 0.781, 0.79878, 0.8125, 0.82574, 0.83554, 0.8464, 0.85694, 0.86324, 0.86972, 0.87654, 0.88692, 0.89082, 0.89802, 0.9023, 0.90786, 0.91446, 0.91814, 0.92358, 0.92654, 0.93046, 0.93428, 0.93978, 0.9433, 0.94546, 0.94748, 0.95236, 0.95252, 0.9546, 0.95804, 0.96026, 0.9622, 0.96036, 0.96426, 0.96686, 0.97008, 0.97048, 0.9708, 0.97218, 0.97326, 0.97404, 0.97508, 0.97712, 0.9802, 0.98012], "val_accs": [0.5622, 0.641, 0.693, 0.7241, 0.7452, 0.7661, 0.7844, 0.7855, 0.7994, 0.7974, 0.8071, 0.8191, 0.8171, 0.8132, 0.8226, 0.8291, 0.8213, 0.8315, 0.8342, 0.8372, 0.834, 0.8313, 0.8375, 0.8422, 0.8434, 0.8488, 0.8504, 0.851, 0.8489, 0.8467, 0.8492, 0.8482, 0.854, 0.8549, 0.8547, 0.8472, 0.854, 0.8548, 0.8544, 0.8519, 0.8564, 0.861, 0.8589, 0.8607, 0.8538, 0.8616, 0.8641, 0.8564, 0.8609, 0.8635], "epochs_time": 2315.1413440704346, "test_loss": 0.5490639266334002, "test_acc": 0.8635}