{"train_losses": [2.3909478513785944, 1.544051561209247, 1.307586141864357, 1.1354337508416237, 1.0085911477923089, 0.9181596409634251, 0.8383786004522572, 0.7895188041965066, 0.7260928109783651, 0.6812584883416705, 0.6484916511246616, 0.617636315810406, 0.583788947681027, 0.5610627314776105, 0.5278243507875506, 0.5112567807707336, 0.4908774306859507, 0.4687925059243541, 0.4417713432360793, 0.42524703681621406, 0.4056239780943717, 0.39106158054698154, 0.37723960062426987, 0.3657194776531985, 0.3543158558857106, 0.34019511160643207, 0.32347118256189633, 0.3096818899559548, 0.300375313633848, 0.28390029488164753, 0.27537183696046813, 0.26135126792866253, 0.2466884243213917, 0.245923344245957, 0.2311192539037036, 0.22767979832713867, 0.2173826323483911, 0.2111300222213616, 0.20511287681358245, 0.19554337262726196, 0.18956127356918875, 0.17660596577064766, 0.16899888171716723, 0.16266152944863604, 0.16089762926406567, 0.14943562260331095, 0.15203310889394386, 0.14595878873106158, 0.13727982710961187, 0.13003999877559103], "val_losses": [1.6757999583135677, 1.425585639627674, 1.3852903209155119, 1.1905173334894301, 0.9930023950866506, 0.8721614389479915, 0.8631486025037645, 0.8499773952025401, 0.7305855132356475, 0.7277493620220619, 0.8353898913799962, 0.6397626301910304, 0.6391568927070762, 0.6576583091216751, 0.6306404527984087, 0.6015084921559201, 0.6120185146603403, 0.5943064700953568, 0.5936435966552058, 0.5811296565623223, 0.592634645821173, 0.5958126858819889, 0.5847165020583551, 0.5675673933723305, 0.8405724133871779, 0.5635397272019447, 0.5848700164616862, 0.5794277013857153, 0.5545443722718879, 0.5790997747379013, 0.5594139936604078, 0.628134669382361, 0.6027412418323227, 0.5688391682467883, 0.601521446735044, 0.5799824418146399, 0.6159636793257315, 0.6153111227705509, 0.5941035547588445, 0.6106416186954402, 0.5912045836448669, 0.5771821593936486, 0.5860051625891577, 0.6121996927864944, 0.6087167776083644, 0.6103690855110748, 0.6049121652222886, 0.5815631760449349, 0.6354037536473214, 0.6378550180528737], "train_accs": [0.25412, 0.44592, 0.53996, 0.60112, 0.6465, 0.67938, 0.70846, 0.72826, 0.74962, 0.76118, 0.7749, 0.78424, 0.79818, 0.80366, 0.8151, 0.82294, 0.82868, 0.83736, 0.84516, 0.85274, 0.86022, 0.86244, 0.86964, 0.87296, 0.87692, 0.8817, 0.88804, 0.89132, 0.89462, 0.8996, 0.90414, 0.90832, 0.91358, 0.91418, 0.91906, 0.92038, 0.92208, 0.92488, 0.92712, 0.93156, 0.9324, 0.93898, 0.94022, 0.94258, 0.94406, 0.9472, 0.94608, 0.9492, 0.95056, 0.95394], "val_accs": [0.394, 0.5314, 0.5701, 0.6053, 0.6666, 0.7025, 0.7186, 0.7235, 0.7441, 0.7523, 0.753, 0.783, 0.788, 0.7858, 0.7871, 0.7973, 0.7985, 0.8053, 0.802, 0.8096, 0.8098, 0.807, 0.8147, 0.8229, 0.7822, 0.8237, 0.8192, 0.825, 0.8311, 0.8285, 0.8331, 0.821, 0.8298, 0.8352, 0.8283, 0.8338, 0.8261, 0.8231, 0.8347, 0.8342, 0.8382, 0.8417, 0.839, 0.8353, 0.8368, 0.8458, 0.8451, 0.8471, 0.8425, 0.8435], "epochs_time": 1511.7712218761444, "test_loss": 0.6378550180528737, "test_acc": 0.8435}