{"train_losses": [1.5562247233012754, 1.2039779688391234, 1.0366488132635345, 0.9144625932054447, 0.8251644081776709, 0.7459330655577238, 0.6985045570851592, 0.6432507104428528, 0.6042072921610244, 0.5715400056765817, 0.5379847305662492, 0.5107235195081862, 0.48563336838236854, 0.4637792145504671, 0.44368815338215256, 0.4218452106351438, 0.40118630382868337, 0.3878307077662109, 0.3701517911975646, 0.3553921932454609, 0.3393983044816405, 0.3258541250777671, 0.3131758312663764, 0.301653077516257, 0.28615792842624743, 0.27788781456630246, 0.2679538374095012, 0.25586712430886294, 0.24496855626783104, 0.2335864430879388, 0.22589818130978537, 0.21520184677885013, 0.20788502365426945, 0.20115403242199623, 0.19323009799432267, 0.1896108342596637, 0.1781308748247221, 0.17498347550020804, 0.16727491512018092, 0.1580001316069032, 0.15190134996838886, 0.1454174195409126, 0.13885973053781883, 0.13312096123957573, 0.13153785634833529, 0.13127226582573503, 0.12464163044605718, 0.12172180785776099, 0.11384137833724393, 0.10877365059674243], "val_losses": [1.2633774054201343, 1.111628172518332, 0.948245345791684, 0.9141005534159986, 0.8404402876202064, 0.7959975517248805, 0.7247465275510957, 0.6905977876880501, 0.6517466970636875, 0.6076890215089049, 0.6312820247456997, 0.5937816421442395, 0.5576535648182978, 0.59160679239261, 0.5721964704085, 0.5296655353866045, 0.542020599676084, 0.5449149182325677, 0.5533295832102811, 0.5234983793542355, 0.5431832773021504, 0.5280447092991841, 0.5218881361092194, 0.5210757470583613, 0.5371834967709794, 0.5126757976375048, 0.49521834224085265, 0.5289714706094959, 0.5481664432754999, 0.5110834527619278, 0.4917607662043994, 0.5677343165572686, 0.5228155311904376, 0.5214028171723402, 0.5233094256512726, 0.5188504283941244, 0.5187437213674376, 0.49550153711174105, 0.5335988836197914, 0.5587725792127319, 0.5393335749454136, 0.543216277715526, 0.5474720531249349, 0.5448589636177956, 0.5448897373449954, 0.5079161990669709, 0.5395489644400681, 0.5294226383483862, 0.5468325862024404, 0.5448747364026082], "train_accs": [0.43244, 0.56768, 0.62982, 0.6755, 0.70756, 0.73752, 0.7526, 0.77142, 0.78684, 0.7996, 0.81048, 0.82122, 0.82902, 0.83598, 0.84334, 0.85114, 0.85746, 0.865, 0.86928, 0.87548, 0.87966, 0.88512, 0.88838, 0.89458, 0.89724, 0.90198, 0.90374, 0.9096, 0.91444, 0.91864, 0.92062, 0.924, 0.92604, 0.92784, 0.93154, 0.93258, 0.9349, 0.9386, 0.9415, 0.94364, 0.9455, 0.94886, 0.95094, 0.95172, 0.95326, 0.95236, 0.95606, 0.95688, 0.95992, 0.96152], "val_accs": [0.5376, 0.6003, 0.6664, 0.6845, 0.7133, 0.7287, 0.7517, 0.7598, 0.7775, 0.7923, 0.7841, 0.7997, 0.8077, 0.8054, 0.8085, 0.8233, 0.8182, 0.8166, 0.823, 0.8283, 0.8258, 0.8268, 0.8331, 0.829, 0.8264, 0.843, 0.8466, 0.8365, 0.831, 0.8433, 0.8518, 0.8299, 0.8467, 0.8457, 0.8473, 0.8467, 0.8547, 0.8548, 0.8482, 0.8442, 0.8549, 0.8515, 0.8466, 0.8525, 0.855, 0.8572, 0.8539, 0.8556, 0.8543, 0.8552], "epochs_time": 1401.0544707775116, "test_loss": 0.5448747364026082, "test_acc": 0.8552}