{"train_losses": [1.64353532406985, 1.2781590371180678, 1.1289383855927022, 1.017375480488438, 0.9371896633101852, 0.867529090103286, 0.8129942054333894, 0.7615199078379384, 0.7250655229439211, 0.6855907343385165, 0.6552873752306184, 0.6223318379400941, 0.5989775569237712, 0.5755423510928288, 0.5515830900205676, 0.5316808313664878, 0.5093838703601866, 0.4970091419756565, 0.4781203515389386, 0.4596777346814075, 0.4425291171311722, 0.42481571058635514, 0.41750498237969624, 0.40339997265954763, 0.38876135994101424, 0.3821650237378562, 0.36392647279497914, 0.3535171112288599, 0.34356158918431956, 0.3350984942349022, 0.32291466988565976, 0.30668500652703484, 0.30178793121481795, 0.2951278994455362, 0.28337160233036635, 0.2776943820974101, 0.2638757375385755, 0.2611740575269665, 0.2512649883089773, 0.24630597643458935, 0.2377384974980903, 0.22944125249181563, 0.21540740875484388, 0.21086572564166525, 0.20373946203447668, 0.20018315610602078, 0.19298772651063817, 0.18876037676163646, 0.17754604719826939, 0.1757103884997575], "val_losses": [1.3406559892847567, 1.1582846105853213, 1.038881913016114, 0.9758746337287033, 0.8792531980743891, 0.8447508728956874, 0.822449535508699, 0.7733069733728336, 0.7335764607296714, 0.708866830868057, 0.684347728385201, 0.6714863656442377, 0.643125145872937, 0.6580460346952269, 0.6614557798904709, 0.6178003428857538, 0.6093175720564926, 0.6225039894822277, 0.603816913275779, 0.57383500247062, 0.5654853382442571, 0.5825982346564909, 0.5604567995554284, 0.5514082048512712, 0.568895779833009, 0.5922739517085159, 0.5782864090008072, 0.5392461215393453, 0.5666944441161578, 0.5505150907401797, 0.5689148687863652, 0.5686498322064364, 0.5474558653710764, 0.5690967912160898, 0.5411265745193143, 0.546865146560005, 0.5429432011103328, 0.5611887242220626, 0.5485599463499045, 0.5443439691127101, 0.5827013167399394, 0.5641489213780512, 0.5610997748525837, 0.5492065330094928, 0.5650431091272379, 0.562552881014498, 0.5533545352990115, 0.541336647694624, 0.5494648346418067, 0.5757835356495048], "train_accs": [0.40686, 0.5379, 0.5942, 0.63684, 0.66638, 0.69072, 0.71362, 0.73014, 0.74366, 0.75634, 0.77004, 0.7803, 0.7901, 0.79708, 0.8058, 0.81292, 0.81916, 0.82382, 0.83148, 0.83654, 0.8444, 0.85016, 0.8538, 0.85798, 0.86322, 0.86566, 0.87024, 0.87514, 0.87914, 0.8815, 0.88542, 0.89182, 0.89176, 0.89548, 0.90016, 0.90228, 0.90522, 0.90668, 0.91172, 0.91228, 0.91502, 0.9179, 0.92252, 0.92542, 0.92846, 0.92852, 0.93216, 0.93346, 0.93742, 0.93804], "val_accs": [0.5152, 0.5751, 0.6358, 0.6548, 0.6884, 0.7039, 0.7124, 0.7274, 0.7444, 0.7577, 0.763, 0.7707, 0.7761, 0.7774, 0.7778, 0.7934, 0.7938, 0.788, 0.7939, 0.8073, 0.8112, 0.8053, 0.8138, 0.8115, 0.812, 0.8098, 0.8167, 0.8213, 0.818, 0.8239, 0.8196, 0.82, 0.8259, 0.8214, 0.8328, 0.8285, 0.8335, 0.8306, 0.8319, 0.8298, 0.8283, 0.8355, 0.8316, 0.8386, 0.8369, 0.8352, 0.8409, 0.8403, 0.8416, 0.8334], "epochs_time": 1383.300321340561, "test_loss": 0.5757835356495048, "test_acc": 0.8334}