{"train_losses": [2.235183427400906, 1.4010221293515257, 1.2341240306034722, 1.0825137133183687, 0.981907922593529, 0.889332937614997, 0.8259483100203298, 0.7725025081573544, 0.7196356587855103, 0.6693445329775896, 0.6395157183070317, 0.6080058228481761, 0.5777578920202182, 0.5562481552438663, 0.5236509095524888, 0.5032671846239768, 0.4814259400757987, 0.4632307373349319, 0.44004579254276005, 0.4203693189508165, 0.39828310864965627, 0.38361327296785075, 0.36720692055761966, 0.3587104698352497, 0.34485424742521836, 0.3285089791430842, 0.3181752509549451, 0.302981014332503, 0.29201668596176233, 0.28065870660345266, 0.2704060085098762, 0.2561829365656504, 0.24322016853505693, 0.24128369647828515, 0.22637689965384086, 0.2247468054370807, 0.21607591114614322, 0.20962169333873198, 0.2055840068651587, 0.19253992857149496, 0.185190278855736, 0.17438190712419618, 0.17264520558897797, 0.16045509838996946, 0.1536518934628238, 0.15220260422895937, 0.15147875497103347, 0.14132571696777782, 0.13911139123770586, 0.13612792345568958], "val_losses": [1.466493620148188, 1.2084220587452756, 1.2196080262147928, 1.1007071401499495, 0.9533725856225702, 0.8431527388246753, 0.8481367622749715, 0.7745534800275972, 0.7342585283744184, 0.7480782896657533, 0.7158196413818794, 0.6622325095194804, 0.6466395975668219, 0.6300512620165378, 0.6461142682576482, 0.6344702922845189, 0.6147957195209551, 0.6038926522943038, 0.5875940790659264, 0.5771757862235927, 0.5928056341937825, 0.622823189708251, 0.5707249283036099, 0.5946568665625174, 0.6341243503214438, 0.5581263884713378, 0.5999995681303966, 0.5353317717208138, 0.5579664797722539, 0.5916478158552435, 0.5897817106186589, 0.6101671321482598, 0.5887791876551471, 0.5989092954351932, 0.5736853461476821, 0.5957997060274776, 0.611004657005962, 0.6576754341397104, 0.6222180916538721, 0.5938727323767505, 0.5704108125801328, 0.6387478207485585, 0.5910164855326279, 0.585850524751446, 0.6413559174235863, 0.6984354563151733, 0.6399702014802378, 0.6141002121605451, 0.6261754941336716, 0.6578316743238063], "train_accs": [0.35666, 0.50888, 0.57494, 0.62474, 0.65684, 0.6906, 0.71514, 0.73352, 0.75062, 0.7646, 0.77946, 0.78868, 0.79968, 0.80946, 0.81812, 0.82594, 0.8309, 0.83932, 0.84488, 0.85412, 0.86018, 0.86488, 0.87178, 0.87516, 0.88024, 0.88302, 0.88958, 0.89336, 0.8968, 0.90316, 0.90408, 0.91098, 0.91396, 0.91492, 0.91996, 0.92202, 0.92376, 0.92676, 0.92716, 0.93278, 0.93362, 0.93762, 0.93842, 0.94328, 0.9462, 0.94582, 0.9474, 0.94904, 0.95078, 0.95222], "val_accs": [0.4822, 0.5747, 0.606, 0.637, 0.6752, 0.7062, 0.7264, 0.7338, 0.7457, 0.7529, 0.7665, 0.7748, 0.7859, 0.7942, 0.7873, 0.7878, 0.7995, 0.7952, 0.8081, 0.8111, 0.8128, 0.8026, 0.8167, 0.8184, 0.799, 0.8223, 0.8216, 0.8345, 0.8337, 0.8265, 0.8269, 0.8258, 0.8276, 0.8306, 0.8385, 0.8337, 0.8307, 0.8257, 0.8314, 0.8386, 0.8465, 0.8347, 0.8418, 0.8453, 0.84, 0.822, 0.8405, 0.8428, 0.8419, 0.8354], "epochs_time": 1528.5794022083282, "test_loss": 0.6578316743238063, "test_acc": 0.8354}