{"train_losses": [2.3025553640054195, 2.3024814396488424, 2.3024494793950296, 2.3024046360229957, 2.3023706565097886, 2.3023312189141096, 2.302274971592183, 2.302225504602705, 2.302163298032722, 2.302093948636736, 2.3019780090876987, 2.3018550033472023, 2.3016950293463103, 2.301464325311233, 2.301151310910984, 2.300669403708711, 2.2998849044040757, 2.298508501782709, 2.2957027019286644, 2.287818647160822, 2.238956237325863, 2.131873055380218, 2.040041087841501, 1.9870431526583068, 1.9420200105832548, 1.9085797351233813, 1.8792240260815134, 1.8610641311626046, 1.8347612905259034, 1.8123925681016884, 1.803982255410175, 1.7739278449087728, 1.7505033946767146, 1.7300269092832292, 1.7144702405345684, 1.6881645759757684, 1.6752414338442745, 1.6352238302328148, 1.602521300315857, 1.5837534173410766, 1.551117086897091, 1.5282126652951142, 1.4984604217568223, 1.4816051685080236, 1.443800680491389, 1.4044052252964097, 1.3844281842513961, 1.3296509725706918, 1.3062410518831136, 1.2687239105604133], "val_losses": [2.3024537324905396, 2.3023860335350035, 2.3023498713970185, 2.302312022447586, 2.3022653102874755, 2.3022059202194214, 2.3021445870399475, 2.30206817984581, 2.3019773721694947, 2.301887971162796, 2.301772326231003, 2.301612985134125, 2.3014037787914274, 2.3011005520820618, 2.3006635904312134, 2.299963104724884, 2.2988508343696594, 2.2967797577381135, 2.2920444130897524, 2.2760044395923615, 2.1563760638237, 2.0726786464452744, 2.0182233959436418, 1.9401929914951324, 1.8642925769090652, 1.8291167944669724, 1.7984075576066971, 1.8326818555593491, 1.7505919694900514, 1.7235941529273986, 1.7495131552219392, 1.6980774849653244, 1.6931049436330796, 1.66225346326828, 1.6151824712753295, 1.6320247262716294, 1.6225555092096329, 1.5404163867235183, 1.611587369441986, 1.5045305103063584, 1.4393474161624908, 1.470259541273117, 1.4085894674062729, 1.3618103206157683, 1.3968344986438752, 1.3934152394533157, 1.258915188908577, 1.3598413646221161, 1.225092625617981, 1.1492063418030738], "train_accs": [0.10802, 0.10324, 0.1113, 0.12748, 0.11578, 0.12774, 0.12202, 0.13912, 0.13118, 0.12036, 0.13346, 0.13136, 0.13956, 0.15266, 0.16266, 0.15492, 0.1806, 0.19048, 0.18618, 0.18332, 0.17176, 0.19452, 0.22054, 0.23106, 0.24412, 0.25456, 0.2621, 0.2685, 0.2808, 0.28968, 0.29502, 0.3094, 0.31798, 0.3244, 0.33404, 0.34804, 0.35392, 0.37064, 0.3858, 0.39202, 0.40504, 0.41606, 0.42844, 0.44144, 0.45658, 0.47418, 0.4844, 0.50778, 0.51946, 0.53338], "val_accs": [0.1438, 0.1051, 0.1125, 0.1122, 0.101, 0.1105, 0.1515, 0.1173, 0.1349, 0.1498, 0.1502, 0.2086, 0.159, 0.1911, 0.1828, 0.2229, 0.222, 0.2202, 0.2004, 0.181, 0.1858, 0.2179, 0.2145, 0.2587, 0.2683, 0.2939, 0.2878, 0.2892, 0.3122, 0.3236, 0.3167, 0.3426, 0.3385, 0.3581, 0.3693, 0.37, 0.378, 0.4124, 0.385, 0.4289, 0.4426, 0.4352, 0.4615, 0.49, 0.482, 0.4823, 0.5254, 0.5014, 0.5532, 0.5761], "epochs_time": 702.7329497337341, "test_loss": 1.1492063418030738, "test_acc": 0.5761}