{"train_losses": [1.9842988909507284, 1.7006391663940585, 1.5900893442484798, 1.5054596279348647, 1.4479836444465481, 1.3922985141374626, 1.3504572784414097, 1.2861371137657944, 1.2439233453906313, 1.2171001647199904, 1.1716319632773498, 1.1410051538627974, 1.1023143335264556, 1.0773715364689729, 1.0510534704947958, 1.027906594835982, 1.0029689897688068, 0.9923880747994598, 0.9547977432304499, 0.9447334277994779, 0.9258626106442237, 0.9105335589574308, 0.888981822802096, 0.8680176330464227, 0.8554432589788826, 0.846886967821997, 0.8237575313874653, 0.8178201208309251, 0.7999282500573567, 0.7828304572981231, 0.7816838092949926, 0.758531954823708, 0.7595045916279968, 0.7462378761598042, 0.735745581133025, 0.7275553671072941, 0.7154801886300651, 0.7006505031366738, 0.6975359414913216, 0.6859344791392891, 0.6772947886160442, 0.6884979894574808, 0.6608225098069833, 0.6514762831585748, 0.6428920333178676, 0.6475955059333723, 0.6410893591082826, 0.6324200821774346, 0.6197717040777206, 0.609740384683317], "val_losses": [1.6553805261850356, 1.5472867131233214, 1.4354322403669357, 1.380159705877304, 1.3354993745684625, 1.2310804039239884, 1.1876010715961456, 1.1400718063116073, 1.1039772376418113, 1.1487008303403854, 1.0790142238140106, 1.0722805231809616, 0.9990415081381798, 0.964693033695221, 0.9453282743692398, 0.9308080956339836, 0.9037806525826454, 0.8912798434495925, 0.8352207630872727, 0.841864389181137, 0.8227015376091004, 0.779355388879776, 0.7993977174162865, 0.7999661520123482, 0.7850713342428207, 0.7904170721769332, 0.7417821750044823, 0.7668284714221955, 0.7294917523860931, 0.7166526734828949, 0.7056240618228913, 0.7391425713896751, 0.6703136160969734, 0.6740994051098823, 0.6652043282985687, 0.6777129605412483, 0.6614730805158615, 0.6482924915850162, 0.6644464135169983, 0.6266019329428673, 0.6339803442358971, 0.6202419079840183, 0.6396079629659652, 0.6052884735167027, 0.6442903861403465, 0.6138886757194996, 0.6069442816078663, 0.5894279807806015, 0.5660788252949714, 0.5974764809012413], "train_accs": [0.26982, 0.3808, 0.41832, 0.4524, 0.47412, 0.49352, 0.51046, 0.534, 0.5523, 0.56128, 0.57822, 0.59192, 0.60736, 0.6157, 0.62416, 0.63318, 0.64258, 0.6454, 0.66, 0.66292, 0.67182, 0.67672, 0.68348, 0.69068, 0.69886, 0.69854, 0.70742, 0.70916, 0.71588, 0.72032, 0.72562, 0.7313, 0.73162, 0.73684, 0.7401, 0.74246, 0.74586, 0.75206, 0.75132, 0.75724, 0.75894, 0.75618, 0.76518, 0.77038, 0.77316, 0.77008, 0.77378, 0.77486, 0.78102, 0.78568], "val_accs": [0.4049, 0.4357, 0.4727, 0.5058, 0.5193, 0.5596, 0.5826, 0.5841, 0.6139, 0.5869, 0.6122, 0.6225, 0.6511, 0.6586, 0.665, 0.6712, 0.683, 0.6883, 0.7079, 0.7081, 0.7091, 0.7265, 0.7155, 0.7195, 0.7275, 0.717, 0.7378, 0.7349, 0.7397, 0.7494, 0.7501, 0.7501, 0.7607, 0.7626, 0.7668, 0.7637, 0.776, 0.7755, 0.7734, 0.7818, 0.7791, 0.7876, 0.7764, 0.7933, 0.7795, 0.7878, 0.7934, 0.7974, 0.8034, 0.7981], "epochs_time": 704.5828077793121, "test_loss": 0.5974764809012413, "test_acc": 0.7981}