{"train_losses": [2.0869651077961433, 1.754804635534481, 1.6171318706201048, 1.5209065687899688, 1.4616769801597207, 1.39823294537408, 1.3655368332960167, 1.3054467086889305, 1.2701344751581853, 1.231454971493507, 1.1843380657385807, 1.148307025736692, 1.113813122620388, 1.081882313502078, 1.0544528568885765, 1.0206552406354827, 0.9840875347049869, 0.9675297609397343, 0.9568575678431258, 0.9345228495646496, 0.9010019837593546, 0.8967604211398533, 0.8665538877248764, 0.8561603429974342, 0.8456651045351612, 0.8241527554940205, 0.8119364368672274, 0.7897000589541027, 0.7871454005338707, 0.7709877354149915, 0.7566229409101058, 0.7464708564232807, 0.7326469457879359, 0.7221963876972393, 0.7097034223225652, 0.7096462076415821, 0.6923236031921542, 0.6938677475768693, 0.6752915327646294, 0.6616626158356667, 0.6648964056251, 0.6468109099232421, 0.640715420398177, 0.6349993539708001, 0.6203600256418695, 0.6254656092852963, 0.6142140128174607, 0.6030131443118563, 0.5970673851516782, 0.5905774875867124], "val_losses": [1.7670972734689712, 1.722676122188568, 1.4678306877613068, 1.3816857129335403, 1.3027504175901412, 1.3641994625329972, 1.2749482274055481, 1.1679166406393051, 1.204802680015564, 1.1254060104489327, 1.1001225963234902, 1.0262419536709786, 1.0104542434215547, 0.9765317544341088, 0.9359341576695442, 0.9131418019533157, 0.8698757246136666, 0.8594888135790825, 0.9545342683792114, 0.8691004857420921, 0.8158838123083114, 0.812899973988533, 0.8025918900966644, 0.807122229039669, 0.7793141171336174, 0.7894333153963089, 0.7417136400938034, 0.7259696409106254, 0.7253940954804421, 0.7056385755538941, 0.7012303248047829, 0.7065527215600014, 0.703243862092495, 0.6762198641896248, 0.6615579009056092, 0.7343248933553695, 0.6397128775715828, 0.6718128100037575, 0.6568489074707031, 0.7040728583931923, 0.6325820103287697, 0.6390874028205872, 0.6387228384613991, 0.6642165742814541, 0.6302198119461536, 0.6515318945050239, 0.6230680137872696, 0.6100212022662163, 0.6229502849280835, 0.6084565214812756], "train_accs": [0.23414, 0.35702, 0.40612, 0.44398, 0.46656, 0.4889, 0.50222, 0.52694, 0.5414, 0.55658, 0.57038, 0.58696, 0.60098, 0.61048, 0.62164, 0.635, 0.64768, 0.6527, 0.6551, 0.6658, 0.67814, 0.68062, 0.69174, 0.69602, 0.69922, 0.70606, 0.71188, 0.7192, 0.72176, 0.72706, 0.73194, 0.73496, 0.7387, 0.74234, 0.7485, 0.74882, 0.7541, 0.7532, 0.7608, 0.76656, 0.76424, 0.77322, 0.77306, 0.7759, 0.78056, 0.77606, 0.7823, 0.78768, 0.78784, 0.79048], "val_accs": [0.3783, 0.3846, 0.4665, 0.4924, 0.5254, 0.5089, 0.5432, 0.581, 0.568, 0.5931, 0.606, 0.636, 0.6377, 0.6639, 0.6747, 0.6799, 0.6926, 0.7004, 0.6679, 0.6915, 0.7126, 0.7156, 0.718, 0.7161, 0.7238, 0.7299, 0.7359, 0.7456, 0.7499, 0.7566, 0.7537, 0.7546, 0.7555, 0.7698, 0.771, 0.7565, 0.7817, 0.7686, 0.7773, 0.7664, 0.7827, 0.7817, 0.7773, 0.7771, 0.7828, 0.7851, 0.7874, 0.7923, 0.7879, 0.7947], "epochs_time": 794.5134673118591, "test_loss": 0.6084565214812756, "test_acc": 0.7947}