{"train_losses": [1.8742071268509846, 1.6427159479686193, 1.5280629128825909, 1.4455835910475985, 1.3952489385799485, 1.3466822292123521, 1.299212787224322, 1.25400141428928, 1.2236541643434642, 1.1872934601744827, 1.153069379986549, 1.1386762814862388, 1.1088446384789992, 1.0858081287267256, 1.058355667761394, 1.0463419465386137, 1.015986762788831, 1.00024391528295, 0.9872801750898361, 0.9688355974396881, 0.9554907272056657, 0.948236495256424, 0.926623019028683, 0.9084328838757106, 0.8954773128640895, 0.889770184852639, 0.8749085740775479, 0.8680553667399348, 0.8549827218663936, 0.8350521545020901, 0.8222715164325676, 0.8173417357765899, 0.810186223716152, 0.8027349874681357, 0.7898599973746708, 0.7854940708802671, 0.776064474971927, 0.7686238465260486, 0.7565339247182924, 0.7483449234646193, 0.7478052292551313, 0.7334586789413374, 0.7214116819050848, 0.7214515157500092, 0.7099564650229045, 0.711737829811719, 0.699178045197409, 0.6932011015561163, 0.683961342183911, 0.6780033233214398], "val_losses": [1.5939876466989518, 1.5057095438241959, 1.34026800096035, 1.3002077132463454, 1.2622872740030289, 1.1925546646118164, 1.1545068860054015, 1.0981291025876998, 1.0888141170144081, 1.0602431192994117, 1.0613069996237754, 1.0155110850930213, 1.059282448887825, 0.99705311357975, 0.9455105990171433, 0.9055743545293808, 0.9363054931163788, 0.8902568951249122, 0.874694375693798, 0.875938142836094, 0.8461518093943596, 0.8318102568387985, 0.8396846249699592, 0.809456367790699, 0.8056619629263878, 0.7966244891285896, 0.7952817037701607, 0.7517870366573334, 0.7764933332800865, 0.7593301743268966, 0.7441141083836555, 0.7542000696063041, 0.7441895961761474, 0.7302703499794007, 0.7344590082764626, 0.734035138785839, 0.6970337942242623, 0.7389350637793541, 0.6937908172607422, 0.6957974642515182, 0.6873196974396706, 0.6890130296349526, 0.6820572562515735, 0.6814336746931076, 0.6891040802001953, 0.7211578577756882, 0.6767989322543144, 0.6699568152427673, 0.6654969811439514, 0.6555403932929039], "train_accs": [0.31978, 0.4058, 0.44162, 0.47466, 0.49096, 0.5096, 0.52752, 0.54746, 0.55592, 0.57102, 0.58442, 0.59034, 0.60138, 0.6104, 0.61916, 0.6248, 0.6369, 0.64272, 0.64712, 0.65582, 0.66102, 0.6616, 0.66728, 0.67652, 0.68042, 0.6819, 0.68892, 0.6903, 0.69446, 0.70284, 0.7081, 0.70832, 0.71156, 0.71374, 0.71854, 0.72216, 0.7268, 0.72704, 0.72994, 0.7334, 0.73708, 0.74024, 0.74386, 0.74292, 0.74814, 0.7474, 0.7525, 0.75422, 0.75714, 0.76034], "val_accs": [0.4209, 0.4524, 0.5153, 0.5299, 0.541, 0.5675, 0.5824, 0.6006, 0.6099, 0.6166, 0.6178, 0.6302, 0.6189, 0.6514, 0.6561, 0.6742, 0.6648, 0.6803, 0.6905, 0.686, 0.6996, 0.7027, 0.7026, 0.7117, 0.7127, 0.7195, 0.7154, 0.7326, 0.7254, 0.7302, 0.7359, 0.7325, 0.7417, 0.7426, 0.7391, 0.739, 0.7525, 0.7386, 0.7559, 0.7537, 0.7554, 0.7579, 0.7593, 0.759, 0.759, 0.7509, 0.7652, 0.7648, 0.7702, 0.7699], "epochs_time": 684.522097826004, "test_loss": 0.6555403932929039, "test_acc": 0.7699}