{"train_losses": [2.3025455535674584, 2.3024403282574246, 2.3023613484538332, 2.3022647913621395, 2.302159308170786, 2.3020262912828096, 2.301841604466341, 2.3015945857884934, 2.3012222246247895, 2.300649192868447, 2.29962405744864, 2.2975345095809625, 2.291336704273613, 2.2317927175638625, 2.0597444055031757, 1.9876268317504806, 1.9461132902271894, 1.9257927019985355, 1.8996512573592517, 1.8772739585565061, 1.8549068533644384, 1.8174995396818434, 1.7634828893505796, 1.745935735045647, 1.6991496803809185, 1.6704819117273604, 1.6206677410067345, 1.5897405707106298, 1.5636931967978576, 1.5435695338005921, 1.5145015953754892, 1.4665913691326065, 1.4321933279232102, 1.402916792095924, 1.379257967277449, 1.3505330748704014, 1.3253677335320686, 1.2931979833816996, 1.2600403336846098, 1.2482999459821351, 1.2180029579571314, 1.2039374289463978, 1.163971213357789, 1.1515818314284694, 1.150965756907755, 1.1169927740583614, 1.110470437881898, 1.0841968676873617, 1.0788515517298056, 1.0625763562869053], "val_losses": [2.3024311006069182, 2.302320438623428, 2.3022271275520323, 2.3021198391914366, 2.3019831001758577, 2.301807814836502, 2.3015666604042053, 2.30122857093811, 2.3007122755050657, 2.2998972713947294, 2.2983584105968475, 2.2948714017868044, 2.281065660715103, 2.0956973284482956, 1.9765452414751052, 1.9091994911432266, 1.923812198638916, 1.8956177651882171, 1.8509367674589157, 1.777547726035118, 1.7704785257577895, 1.756014847755432, 1.6618852585554122, 1.6185226678848266, 1.5943798691034317, 1.5480080753564835, 1.5295961111783982, 1.4867523074150086, 1.4177682280540467, 1.4447108119726182, 1.4262405604124069, 1.3224994599819184, 1.2917318642139435, 1.2666133314371109, 1.2482260137796402, 1.3646543055772782, 1.2588482588529586, 1.3176955461502076, 1.2525467038154603, 1.130645251274109, 1.1340665966272354, 1.151456680893898, 1.105981957912445, 1.055137012898922, 1.1005434080958367, 1.0770556911826135, 0.9940732881426811, 1.1305875509977341, 0.9968968734145165, 0.9554475873708725], "train_accs": [0.1002, 0.10912, 0.12346, 0.16356, 0.14714, 0.16384, 0.1388, 0.17976, 0.18914, 0.16606, 0.19166, 0.19404, 0.19344, 0.18138, 0.22034, 0.24162, 0.25106, 0.25878, 0.26334, 0.2711, 0.28064, 0.2955, 0.32564, 0.33766, 0.35878, 0.37354, 0.3917, 0.40458, 0.41262, 0.42428, 0.43938, 0.45504, 0.4713, 0.48232, 0.49326, 0.50426, 0.5134, 0.52696, 0.53714, 0.54666, 0.55438, 0.56176, 0.57534, 0.58202, 0.5843, 0.5948, 0.59638, 0.6053, 0.60716, 0.6155], "val_accs": [0.1504, 0.164, 0.2013, 0.215, 0.1546, 0.1659, 0.2307, 0.1823, 0.1862, 0.2163, 0.2149, 0.2108, 0.1814, 0.2112, 0.2355, 0.2716, 0.2434, 0.2676, 0.2865, 0.3072, 0.3162, 0.3328, 0.362, 0.3751, 0.3861, 0.4219, 0.4257, 0.435, 0.4632, 0.4576, 0.4687, 0.5075, 0.5135, 0.5292, 0.5378, 0.5106, 0.5285, 0.5236, 0.5484, 0.5865, 0.5899, 0.5891, 0.6009, 0.6151, 0.6037, 0.6139, 0.6366, 0.6063, 0.6344, 0.6569], "epochs_time": 1034.7831213474274, "test_loss": 0.9554475873708725, "test_acc": 0.6569}