{"train_losses": [2.184767117305678, 1.9496853552302535, 1.814701926343295, 1.7140365255122283, 1.626591946397509, 1.5490993632345784, 1.492467079235583, 1.4243956767782873, 1.371375819250029, 1.3167797539915358, 1.260521087111259, 1.217557396207537, 1.1661254289198895, 1.1277758263203563, 1.0935742012700256, 1.0592466677938188, 1.0366686612975842, 1.008351973429018, 0.9776684526278048, 0.949430484856878, 0.9260559945690389, 0.9107260022844587, 0.8842362372242675, 0.872376985391792, 0.8405259342826142, 0.8266445738928658, 0.8104846830270729, 0.7946133671366439, 0.7814575378992119, 0.7638289083023461, 0.7589765677646715, 0.7378131230266727, 0.7286713357482638, 0.722388568581367, 0.7103486997740609, 0.6942221300334347, 0.68554530155902, 0.6767369764191764, 0.6642412439901002, 0.6547967155977171, 0.6416958561357187, 0.6386430147959261, 0.6286567771921352, 0.6226769022795619, 0.6112991575987972, 0.6093110399586814, 0.6007332297003999, 0.5982973134639312, 0.5872106381825039, 0.5768622769689074], "val_losses": [2.0019956529140472, 1.8018523573875427, 1.70062375664711, 1.5559984266757965, 1.4639127373695373, 1.4144420981407166, 1.3541129380464554, 1.3046554028987885, 1.2326259464025497, 1.1824444562196732, 1.122898232936859, 1.0849584132432937, 1.0589410215616226, 0.993312093615532, 0.9672707945108414, 0.9452523082494736, 0.892582568526268, 0.8798909768462181, 0.9006904333829879, 0.805827522277832, 0.795201089978218, 0.7955296039581299, 0.7564447462558747, 0.7351535707712173, 0.7452606156468391, 0.6992162615060806, 0.689417478442192, 0.6997849926352501, 0.6576752528548241, 0.6608648985624314, 0.6573051199316978, 0.6216727018356323, 0.650749783962965, 0.6003415435552597, 0.6094262093305588, 0.6472138643264771, 0.6144414193928242, 0.6012614168226719, 0.5622738167643547, 0.564934341609478, 0.574410117417574, 0.546372327208519, 0.5628140486776829, 0.546452721208334, 0.5382079176604748, 0.5322652198374271, 0.5230729855597019, 0.5372706100344657, 0.512177711725235, 0.5091610223054885], "train_accs": [0.20698, 0.27528, 0.31714, 0.35758, 0.39308, 0.42556, 0.44696, 0.47452, 0.49752, 0.52202, 0.5407, 0.55772, 0.57832, 0.59166, 0.60384, 0.6218, 0.62778, 0.63818, 0.65174, 0.66142, 0.67156, 0.67714, 0.6855, 0.69002, 0.70182, 0.70586, 0.71134, 0.7174, 0.72334, 0.72936, 0.7334, 0.7389, 0.7408, 0.74552, 0.74708, 0.75684, 0.75622, 0.76028, 0.76572, 0.7687, 0.77352, 0.77394, 0.77728, 0.77902, 0.78288, 0.78236, 0.78674, 0.78862, 0.79342, 0.7976], "val_accs": [0.2619, 0.33, 0.3611, 0.406, 0.4529, 0.4683, 0.5045, 0.5196, 0.5492, 0.5684, 0.5915, 0.6085, 0.6165, 0.6426, 0.6587, 0.6673, 0.6818, 0.6904, 0.6801, 0.7104, 0.7185, 0.7157, 0.7372, 0.7433, 0.7436, 0.7568, 0.7628, 0.7543, 0.7698, 0.7714, 0.7726, 0.7829, 0.7728, 0.7902, 0.7883, 0.7738, 0.7909, 0.7889, 0.8027, 0.8043, 0.801, 0.8108, 0.8018, 0.8135, 0.8136, 0.8141, 0.8182, 0.8141, 0.8217, 0.8193], "epochs_time": 1207.4980101585388, "test_loss": 0.5091610223054885, "test_acc": 0.8193}