{"train_losses": [2.206724430833544, 1.8669851063465586, 1.6825915447303228, 1.5728186192561169, 1.4978265877889128, 1.4364445385884266, 1.3911378760727084, 1.3407107938309104, 1.304671352006951, 1.2658402135177536, 1.227163440110732, 1.1946458606695642, 1.1637274035993888, 1.140515003277331, 1.102931525938365, 1.0770485905968412, 1.0422963910565084, 1.0259889212189888, 1.0084515280869542, 0.9803915157610056, 0.9556015258540913, 0.9477572362033688, 0.9119304813900773, 0.9066462890834225, 0.8902321080772244, 0.8786012694543722, 0.8594022301995025, 0.8334101690929763, 0.8357345002646349, 0.8091890066862106, 0.803048160003156, 0.787058061482955, 0.7710683622530529, 0.7676132829213629, 0.7470489591360092, 0.7419978066974756, 0.7305259281883434, 0.7279519709397335, 0.7171512966861531, 0.7007125105176654, 0.6914205782267512, 0.6804671348357687, 0.6726129350005364, 0.6702297162644717, 0.6522843790601711, 0.6571150200099362, 0.6392416680345729, 0.6346706226468086, 0.6271504299068937, 0.622860924321778], "val_losses": [2.0050482153892517, 1.7660312414169312, 1.5275497823953628, 1.4411731094121933, 1.351662677526474, 1.3522443175315857, 1.3032832324504853, 1.205453982949257, 1.21925348341465, 1.1646052539348601, 1.122785210609436, 1.0983613163232804, 1.08188493847847, 1.0658399134874343, 0.9845992311835289, 0.933865311741829, 0.9237588033080101, 0.9063455522060394, 0.9728913888335228, 0.906204131245613, 0.837469519674778, 0.846694552898407, 0.8516863524913788, 0.8192208275198937, 0.8355551704764366, 0.835933481156826, 0.782206243276596, 0.7874804586172104, 0.7859376966953278, 0.7532150909304619, 0.7412742987275124, 0.7530055597424508, 0.7289928838610649, 0.719017505645752, 0.7142358049750328, 0.7563325479626656, 0.6844153121113777, 0.7768844813108444, 0.6670968323945999, 0.6954115375876426, 0.6609690353274346, 0.6737855046987533, 0.6831104472279549, 0.7083211153745651, 0.7184498831629753, 0.689442078769207, 0.658622482419014, 0.6789255887269974, 0.6537957847118377, 0.6390587761998177], "train_accs": [0.18548, 0.32228, 0.38256, 0.4228, 0.4528, 0.4744, 0.49218, 0.51308, 0.52748, 0.54376, 0.55752, 0.56988, 0.5801, 0.58826, 0.60404, 0.6139, 0.6275, 0.63358, 0.6374, 0.64708, 0.65968, 0.66172, 0.67386, 0.67784, 0.683, 0.68642, 0.69456, 0.7042, 0.70238, 0.71226, 0.7146, 0.72028, 0.72466, 0.72428, 0.73528, 0.73706, 0.73924, 0.74124, 0.7457, 0.75264, 0.75734, 0.75942, 0.76034, 0.7614, 0.76762, 0.76644, 0.77328, 0.77428, 0.776, 0.77838], "val_accs": [0.3228, 0.3613, 0.4344, 0.4748, 0.5089, 0.5153, 0.528, 0.5669, 0.5631, 0.5777, 0.5987, 0.6102, 0.609, 0.6341, 0.6559, 0.6701, 0.6732, 0.6813, 0.6583, 0.6816, 0.7093, 0.7051, 0.7065, 0.7097, 0.7028, 0.7067, 0.7237, 0.7265, 0.7239, 0.7347, 0.7409, 0.7373, 0.7467, 0.7527, 0.7517, 0.7477, 0.7619, 0.737, 0.7675, 0.7603, 0.7695, 0.7681, 0.7656, 0.7596, 0.7589, 0.766, 0.7752, 0.7712, 0.7773, 0.78], "epochs_time": 758.4048247337341, "test_loss": 0.6390587761998177, "test_acc": 0.78}