{"train_losses": [2.3026083574003104, 2.302606003625052, 2.302611027445112, 2.3026058673858643, 2.302608144526579, 2.302609539761835, 2.3026036607975864, 2.302608620147316, 2.3026120978958753, 2.3026163480719744, 2.3026063417901796, 2.302607914622949, 2.3026089741259206, 2.302606071744646, 2.302615379800602, 2.3026058637366003, 2.3026072322105873, 2.302605647213605, 2.3026079000258934, 2.3026096662696527, 2.3026109568926754, 2.302606822276602, 2.302610150405339, 2.3026107318547306, 2.3026083501017824, 2.302607913406528, 2.3026096650532315, 2.3026104958689944, 2.302608371997366, 2.3026087478715547, 2.3026053479739597, 2.302609138342799, 2.3026101528381813, 2.302612376456358, 2.302610222174197, 2.3026099728078258, 2.3026108863402386, 2.302606203118149, 2.3026071458446737, 2.3026056447807624, 2.3026075034725424, 2.3026108741760254, 2.3026077844658674, 2.3026066276491903, 2.3026092453878753, 2.3026086043338387, 2.302605470832513, 2.3026048115321567, 2.302605991460839, 2.3026065181712716], "val_losses": [2.30258549451828, 2.30257807970047, 2.302582550048828, 2.302584332227707, 2.302587205171585, 2.3025838792324067, 2.302581840753555, 2.302580803632736, 2.302578955888748, 2.302579605579376, 2.30258452296257, 2.3025823891162873, 2.302588754892349, 2.302584910392761, 2.3025890469551085, 2.302579587697983, 2.302578353881836, 2.3025806069374086, 2.3025807082653045, 2.302588415145874, 2.3025927543640137, 2.3025850355625153, 2.3025859117507936, 2.3025882661342623, 2.3025859892368317, 2.3025844156742097, 2.30258669257164, 2.3025863468647003, 2.3025925517082215, 2.302585333585739, 2.3025885224342346, 2.302577704191208, 2.302592247724533, 2.3025799989700317, 2.3025888323783876, 2.302593094110489, 2.302584308385849, 2.3025952100753786, 2.3025898694992066, 2.3025808453559877, 2.302585220336914, 2.302592545747757, 2.302579492330551, 2.302581858634949, 2.30258167386055, 2.3025805592536925, 2.302582460641861, 2.3025803565979004, 2.3025821149349213, 2.3025803327560426], "train_accs": [0.0967, 0.09826, 0.09694, 0.09694, 0.09606, 0.09508, 0.099, 0.09818, 0.09776, 0.09832, 0.0978, 0.0982, 0.09764, 0.0979, 0.0977, 0.09888, 0.09652, 0.09884, 0.0977, 0.09812, 0.09788, 0.09534, 0.09676, 0.0961, 0.09778, 0.09834, 0.09864, 0.09852, 0.09876, 0.0965, 0.09876, 0.0972, 0.09768, 0.09918, 0.09734, 0.09666, 0.09718, 0.0978, 0.09686, 0.09804, 0.09768, 0.09744, 0.09822, 0.09866, 0.09958, 0.0993, 0.09692, 0.09732, 0.09918, 0.0954], "val_accs": [0.1, 0.1, 0.1, 0.1, 0.1, 0.1, 0.1, 0.1, 0.1, 0.1, 0.1, 0.1, 0.1, 0.1, 0.1, 0.1, 0.1, 0.1, 0.1, 0.1, 0.1, 0.1, 0.1, 0.1, 0.1, 0.1, 0.1, 0.1, 0.1, 0.1, 0.1, 0.1, 0.1, 0.1, 0.1, 0.1, 0.1, 0.1, 0.1, 0.1, 0.1, 0.1, 0.1, 0.1, 0.1, 0.1, 0.1, 0.1, 0.1, 0.1], "epochs_time": 1164.5882172584534, "test_loss": 2.3025803327560426, "test_acc": 0.1}