{"train_losses": [1.9007453146029492, 1.6252537035212224, 1.5108489698293257, 1.4382083136208204, 1.3708791501668034, 1.3009415840616032, 1.2698423132604482, 1.1936346158689382, 1.1529984313006303, 1.122390750111366, 1.0691743365355901, 1.0423265056950706, 1.0068107834275888, 0.9786803190197263, 0.9582464536842035, 0.9305646982120008, 0.9186495299241981, 0.9021739856320985, 0.8762934727936375, 0.8601711520126888, 0.8375311603351515, 0.8245409635864959, 0.8136287276842156, 0.7995103278330394, 0.7790584509470024, 0.7667806787150246, 0.7581058518618954, 0.7418900551844616, 0.7358122291613598, 0.7196862594205506, 0.7133860609361103, 0.692846553666251, 0.6929825422715168, 0.6803389200750662, 0.6703775722761544, 0.659271166640885, 0.6508728366117088, 0.6446380257910612, 0.6378074625925142, 0.6290612644991096, 0.617903107131014, 0.6186642125248909, 0.5984469066773143, 0.5970533811012093, 0.5852541043138018, 0.5880656291027458, 0.5789157869864483, 0.5732011358652797, 0.5629701517066177, 0.5508800345111866], "val_losses": [1.5901087731122971, 1.4551266252994537, 1.3620066612958908, 1.2806538701057435, 1.185495701432228, 1.1370718866586684, 1.1093718200922011, 1.044875267148018, 0.9760927796363831, 0.9990014791488647, 0.9596437394618988, 0.9373001828789711, 0.8620468318462372, 0.8605105549097061, 0.8573751166462898, 0.8622981518507004, 0.8024532526731492, 0.8121008023619651, 0.8192305237054824, 0.7493080765008926, 0.758278937637806, 0.7187541827559472, 0.7142107367515564, 0.7351422265172005, 0.7014462754130364, 0.7131603389978409, 0.6628796324133873, 0.6929318822920323, 0.6629378192126751, 0.6888604253530503, 0.6646880671381951, 0.661977019906044, 0.6247213669121265, 0.6197203412652016, 0.6183043777942657, 0.6256463102996349, 0.6366348326206207, 0.6145230799913406, 0.6173695906996727, 0.5763821393251419, 0.5811246708035469, 0.5851112402975559, 0.6210604831576347, 0.5677565529942512, 0.5883304014801979, 0.5979249477386475, 0.5654424861073494, 0.5794844679534435, 0.5454725429415703, 0.5491340614855289], "train_accs": [0.30016, 0.40886, 0.44984, 0.47524, 0.50206, 0.52848, 0.53956, 0.57292, 0.58746, 0.59718, 0.61858, 0.62592, 0.64302, 0.65124, 0.65948, 0.6707, 0.67326, 0.6787, 0.68854, 0.69378, 0.70364, 0.70956, 0.711, 0.71644, 0.72418, 0.72678, 0.73138, 0.73696, 0.74028, 0.74658, 0.74922, 0.75448, 0.75532, 0.75958, 0.76358, 0.76662, 0.76736, 0.77166, 0.7727, 0.7781, 0.7808, 0.78062, 0.78724, 0.7875, 0.79422, 0.7908, 0.79494, 0.79778, 0.8019, 0.8058], "val_accs": [0.4236, 0.4677, 0.4974, 0.5346, 0.5727, 0.5925, 0.6134, 0.6249, 0.6513, 0.637, 0.654, 0.6703, 0.698, 0.6951, 0.696, 0.6956, 0.7187, 0.7175, 0.7122, 0.7385, 0.7337, 0.7442, 0.7461, 0.7459, 0.7534, 0.7484, 0.77, 0.7641, 0.7675, 0.7629, 0.7663, 0.7761, 0.7822, 0.7863, 0.7824, 0.7834, 0.7836, 0.7915, 0.7943, 0.805, 0.8033, 0.8028, 0.7867, 0.8072, 0.7949, 0.7981, 0.8105, 0.8035, 0.8171, 0.8129], "epochs_time": 705.8874690532684, "test_loss": 0.5491340614855289, "test_acc": 0.8129}