{"train_losses": [2.302603528207662, 2.302601325268648, 2.3026053844665992, 2.302601241335577, 2.3026032022067477, 2.3026043383442625, 2.302599619845955, 2.302603780006876, 2.3026068076795463, 2.302610301241583, 2.302601865359715, 2.302603142602103, 2.302604097492841, 2.3026018057550703, 2.3026097416877747, 2.302601709657786, 2.3026026633321024, 2.302601452992887, 2.3026032569457073, 2.302604785987309, 2.302605821161854, 2.3026025015480664, 2.302605333376904, 2.3026058150797475, 2.3026038043353023, 2.302603526991241, 2.30260500737599, 2.302605540168529, 2.3026038931340587, 2.3026042252170797, 2.3026014651571, 2.3026045037775624, 2.302605337026168, 2.3026075910548776, 2.3026056082881228, 2.302605405145762, 2.302606225013733, 2.3026021986591574, 2.3026029735195395, 2.3026018325163395, 2.3026035525360884, 2.3026063490887076, 2.30260348928218, 2.3026027509144376, 2.302604849241218, 2.302604552434415, 2.3026017376354764, 2.302601231604206, 2.302602249748853, 2.3026025684512392], "val_losses": [2.302584093809128, 2.302578109502792, 2.3025815963745115, 2.302582895755768, 2.3025855720043182, 2.3025832056999205, 2.302581584453583, 2.302580749988556, 2.302579867839813, 2.3025801181793213, 2.3025834023952485, 2.302581477165222, 2.3025867223739622, 2.3025837302207948, 2.3025871217250824, 2.3025793194770814, 2.302577883005142, 2.3025799036026, 2.302580338716507, 2.302586889266968, 2.302590733766556, 2.302584505081177, 2.3025851249694824, 2.302587229013443, 2.302585166692734, 2.302583783864975, 2.3025856018066406, 2.3025858461856843, 2.3025905907154085, 2.3025847733020783, 2.30258771777153, 2.3025782883167265, 2.3025901138782503, 2.3025793969631194, 2.3025866210460664, 2.3025903582572935, 2.302582985162735, 2.302592796087265, 2.3025884091854096, 2.302580600976944, 2.3025841116905212, 2.3025906324386596, 2.3025796473026277, 2.3025816679000854, 2.302581775188446, 2.302580887079239, 2.302582573890686, 2.302580100297928, 2.302582061290741, 2.302580416202545], "train_accs": [0.09686, 0.09844, 0.09758, 0.09792, 0.0959, 0.09454, 0.09914, 0.09798, 0.09772, 0.09808, 0.098, 0.09814, 0.09798, 0.09728, 0.09764, 0.09886, 0.09732, 0.0986, 0.09726, 0.09864, 0.09736, 0.09578, 0.0971, 0.09676, 0.09886, 0.09804, 0.09778, 0.09844, 0.09876, 0.09602, 0.09842, 0.09734, 0.09732, 0.09926, 0.0972, 0.09736, 0.09744, 0.09828, 0.0968, 0.09884, 0.09724, 0.09756, 0.0985, 0.0986, 0.09994, 0.09942, 0.0973, 0.09768, 0.09984, 0.0966], "val_accs": [0.1, 0.1, 0.1, 0.1, 0.1, 0.1, 0.1, 0.1, 0.1, 0.1, 0.1, 0.1, 0.1, 0.1, 0.1, 0.1, 0.1, 0.1, 0.1, 0.1, 0.1, 0.1, 0.1, 0.1, 0.1, 0.1, 0.1, 0.1, 0.1, 0.1, 0.1, 0.1, 0.1, 0.1, 0.1, 0.1, 0.1, 0.1, 0.1, 0.1, 0.1, 0.1, 0.1, 0.1, 0.1, 0.1, 0.1, 0.1, 0.1, 0.1], "epochs_time": 1219.8544929027557, "test_loss": 2.302580416202545, "test_acc": 0.1}