{"train_losses": [2.2448172046213735, 2.007476697162706, 1.8924195687381589, 1.787269827662682, 1.7058572057558565, 1.6310766947512725, 1.575065024045049, 1.509815115709694, 1.4638934591595008, 1.4264728524246995, 1.3748023412665542, 1.3261079204325774, 1.2782092021436107, 1.2353880806845061, 1.195295866046633, 1.1625318363004802, 1.1293911620670436, 1.1027390588911212, 1.0716646736373707, 1.043314669205218, 1.0192509971711101, 0.9979091079867616, 0.9712040932202826, 0.9591753467613336, 0.9262696577578174, 0.9084148528624554, 0.8871873492489055, 0.8729314977417186, 0.8584088275627214, 0.8323926724949662, 0.8262682572311285, 0.80550631242139, 0.794317291099198, 0.7865108397542214, 0.7750266483243631, 0.7579172673274059, 0.7451411230223519, 0.7354647112744195, 0.721058360167912, 0.7124144094330924, 0.6990312900470228, 0.6965854639301494, 0.6836400748211511, 0.6780159707580294, 0.6673082508602921, 0.6580803058281237, 0.6523430152815215, 0.650602320323185, 0.6350911505976502, 0.626846658940218], "val_losses": [2.0571702778339387, 1.9041503727436067, 1.763185229897499, 1.66064855158329, 1.5944352477788926, 1.498394674062729, 1.4470002859830857, 1.407092273235321, 1.332343465089798, 1.3188717365264893, 1.2330669105052947, 1.188548520207405, 1.1773049890995027, 1.0793161809444427, 1.1051158130168914, 1.027976495027542, 0.9837873056530952, 1.0011067926883697, 0.9452120721340179, 0.9048409700393677, 0.8995881855487824, 0.8808210626244545, 0.8344866842031479, 0.8291375115513802, 0.8021406263113022, 0.7794837281107903, 0.7628499999642372, 0.7831861659884453, 0.7271780058741569, 0.7248606562614441, 0.7151804268360138, 0.6775956332683564, 0.7042672917246818, 0.663910897821188, 0.6668196149170399, 0.6847688019275665, 0.6589266449213028, 0.6343489721417427, 0.608714708685875, 0.606567407399416, 0.5992752768099308, 0.5986414223909378, 0.6081532202661037, 0.5876992590725422, 0.578443568944931, 0.5736453756690025, 0.5562260918319225, 0.5516849800944328, 0.5535917945206166, 0.5395725674927234], "train_accs": [0.18188, 0.24942, 0.2949, 0.32776, 0.36108, 0.39282, 0.41682, 0.44048, 0.46, 0.47612, 0.49468, 0.51632, 0.53302, 0.5517, 0.56512, 0.58022, 0.59088, 0.60146, 0.61134, 0.62316, 0.6351, 0.64342, 0.65154, 0.65724, 0.66898, 0.67346, 0.68348, 0.6886, 0.6932, 0.70346, 0.70892, 0.71378, 0.71728, 0.72152, 0.72476, 0.73252, 0.7365, 0.73974, 0.74564, 0.74836, 0.7535, 0.75356, 0.75902, 0.76046, 0.76282, 0.76676, 0.7692, 0.76984, 0.77622, 0.77988], "val_accs": [0.2272, 0.2968, 0.337, 0.3713, 0.4059, 0.4407, 0.4676, 0.4816, 0.5071, 0.5157, 0.5475, 0.5649, 0.5699, 0.6046, 0.6093, 0.6293, 0.6467, 0.6362, 0.6586, 0.6746, 0.6772, 0.6867, 0.705, 0.7017, 0.7157, 0.7243, 0.7292, 0.7168, 0.743, 0.7484, 0.7516, 0.7587, 0.7547, 0.7638, 0.7688, 0.7632, 0.7698, 0.7758, 0.7875, 0.7865, 0.7904, 0.7903, 0.7847, 0.7941, 0.7962, 0.8005, 0.8071, 0.8079, 0.8048, 0.8083], "epochs_time": 1176.84916639328, "test_loss": 0.5395725674927234, "test_acc": 0.8083}