{
    "train_losses": [
        1.973918352808271,
        1.7215938793153178,
        1.601949828011649,
        1.514299825746186,
        1.4570253430580606,
        1.4022396936708568,
        1.3561677434006516,
        1.284093401869949,
        1.256239349744758,
        1.22834047918417,
        1.1722454659792843,
        1.1488454262821042,
        1.1113974239145006,
        1.086073025148742,
        1.0583669008040915,
        1.0274593875724443,
        1.011839440890721,
        0.9966884951810447,
        0.9704974521787799,
        0.9597762065882586,
        0.9338673742450013,
        0.9207240777964495,
        0.9080985778448533,
        0.8895758782722512,
        0.8648399829256291,
        0.8677745908498764,
        0.8409712457535218,
        0.8402538269150014,
        0.8165509366259283,
        0.8041287274384985,
        0.8008093703158048,
        0.7839266776430364,
        0.7750164392043133,
        0.7674463990391517,
        0.760999036686761,
        0.7518908232450485,
        0.7362732850775426,
        0.7311515549615938,
        0.7211675622633525,
        0.7120674580943828,
        0.6964274711754858,
        0.7096531120490055,
        0.6838834065259719,
        0.6740225757263145,
        0.67242438543816,
        0.6662920079365069,
        0.6658639716250556,
        0.6530133972362596,
        0.6439389688323955,
        0.6306692611198036
    ],
    "val_losses": [
        1.7039304405450821,
        1.5716769099235535,
        1.5349371314048768,
        1.389467254281044,
        1.4075692549347878,
        1.2886365234851838,
        1.2452350676059722,
        1.1525243639945983,
        1.209245464205742,
        1.1356723397970199,
        1.0740574195981025,
        1.0829588025808334,
        1.0935961335897446,
        1.0554799109697341,
        0.9450810074806213,
        0.9290882498025894,
        0.9304776936769485,
        0.8918384209275245,
        0.8896519526839256,
        0.846083490550518,
        0.8797938421368598,
        0.8049727633595467,
        0.8368866816163063,
        0.8200192511081695,
        0.8356403440237046,
        0.7803219750523567,
        0.7780733928084373,
        0.768513423204422,
        0.7693783089518547,
        0.7472528740763664,
        0.7855386525392533,
        0.736912976205349,
        0.7147142320871354,
        0.6974681735038757,
        0.7143169030547142,
        0.6893906950950622,
        0.6914718240499497,
        0.7084559679031373,
        0.6585416600108147,
        0.6469231620430946,
        0.6710022404789925,
        0.6610142633318901,
        0.665310250222683,
        0.6554934054613113,
        0.6632084533572197,
        0.6400145873427391,
        0.6193146735429764,
        0.6438534826040268,
        0.5916847720742225,
        0.595349857956171
    ],
    "train_accs": [
        0.27348,
        0.37284,
        0.41606,
        0.44626,
        0.47054,
        0.49024,
        0.50938,
        0.53714,
        0.54886,
        0.55834,
        0.5796,
        0.58804,
        0.60604,
        0.61414,
        0.62206,
        0.6349,
        0.64038,
        0.64384,
        0.6559,
        0.65726,
        0.66862,
        0.674,
        0.67834,
        0.68494,
        0.69578,
        0.68972,
        0.70104,
        0.70258,
        0.71236,
        0.71584,
        0.71722,
        0.72102,
        0.7251,
        0.72952,
        0.72944,
        0.73364,
        0.73896,
        0.74186,
        0.74496,
        0.74828,
        0.7553,
        0.74948,
        0.76048,
        0.76236,
        0.76384,
        0.765,
        0.7638,
        0.77046,
        0.77432,
        0.77702
    ],
    "val_accs": [
        0.3818,
        0.4115,
        0.4278,
        0.4915,
        0.4976,
        0.5236,
        0.5514,
        0.5901,
        0.5612,
        0.5965,
        0.6148,
        0.6187,
        0.6188,
        0.6209,
        0.672,
        0.6777,
        0.6676,
        0.6866,
        0.683,
        0.7048,
        0.6896,
        0.7201,
        0.7031,
        0.7102,
        0.7132,
        0.7221,
        0.7332,
        0.7333,
        0.7281,
        0.7426,
        0.7235,
        0.7503,
        0.7492,
        0.7579,
        0.7527,
        0.7555,
        0.7639,
        0.7495,
        0.7763,
        0.7782,
        0.7697,
        0.7715,
        0.7684,
        0.7825,
        0.772,
        0.7842,
        0.7884,
        0.7778,
        0.7911,
        0.797
    ],
    "epochs_time": 867.1553020477295,
    "test_loss": 0.595349857956171,
    "test_acc": 0.797
}