{
    "train_losses": [
        1.972979914777133,
        1.7171195563004942,
        1.6017938347495333,
        1.512436335792347,
        1.454383138491183,
        1.402057366103542,
        1.3500916173263473,
        1.2874799224795128,
        1.241691215914123,
        1.2195899529116494,
        1.16852326539098,
        1.142653449457519,
        1.1037987041838315,
        1.0772790182001737,
        1.0534602218136495,
        1.019110520579377,
        1.005934505438318,
        0.9909895007707634,
        0.9674183355302227,
        0.9518477880224889,
        0.9328727101793095,
        0.9136717754359148,
        0.8991863447792676,
        0.8827848489187202,
        0.85936644703758,
        0.8565048395979161,
        0.8318303951195308,
        0.8325895347765514,
        0.8138626448962153,
        0.8029810327048205,
        0.7965818102262459,
        0.7777893330369677,
        0.7706721783900747,
        0.7581970287220818,
        0.7522308656147548,
        0.7457296036335886,
        0.7326455259201478,
        0.7261764656524269,
        0.7138737142086029,
        0.7057129552169722,
        0.6912887464372479,
        0.7049655208782274,
        0.6869004026663547,
        0.6741435363584635,
        0.6607070907342191,
        0.6667972906511657,
        0.6580024653551529,
        0.6493368545661167,
        0.6378108948773268,
        0.6326416297530641
    ],
    "val_losses": [
        1.7131647616624832,
        1.5710012823343278,
        1.4549778759479524,
        1.4192051976919173,
        1.3902011841535569,
        1.2725690335035325,
        1.213219791650772,
        1.1275085002183913,
        1.1765200406312943,
        1.1349800258874894,
        1.1134302973747254,
        1.0889386296272279,
        1.100548267364502,
        1.0249272227287292,
        0.9255318984389305,
        0.9250813826918602,
        0.9392790123820305,
        0.9057615414261818,
        0.8860607892274857,
        0.852308900654316,
        0.8692519694566727,
        0.7944637432694435,
        0.8146558731794358,
        0.8369919404387474,
        0.8254961773753167,
        0.7716403275728225,
        0.7549372017383575,
        0.7847106322646141,
        0.7463781863451004,
        0.7535311803221703,
        0.7485550776124,
        0.7461204841732979,
        0.7294547364115715,
        0.6799419716000557,
        0.7015732586383819,
        0.6891414359211921,
        0.6837211579084397,
        0.7043013915419578,
        0.6498241052031517,
        0.6432201832532882,
        0.6440728366374969,
        0.6599342808127403,
        0.6734091676771641,
        0.6443098813295365,
        0.6608539566397666,
        0.6137313120067119,
        0.5933583930134774,
        0.6149168819189071,
        0.591766107827425,
        0.5902949824929238
    ],
    "train_accs": [
        0.27382,
        0.37286,
        0.41708,
        0.44604,
        0.47204,
        0.4897,
        0.51064,
        0.53486,
        0.5545,
        0.56124,
        0.58068,
        0.59104,
        0.60944,
        0.61662,
        0.6214,
        0.63928,
        0.64192,
        0.64634,
        0.65692,
        0.66128,
        0.6709,
        0.67654,
        0.67936,
        0.68832,
        0.69694,
        0.69594,
        0.70668,
        0.70618,
        0.71296,
        0.71494,
        0.72192,
        0.72614,
        0.72828,
        0.73074,
        0.73572,
        0.73594,
        0.74118,
        0.74258,
        0.74724,
        0.75056,
        0.7548,
        0.75168,
        0.75868,
        0.76346,
        0.76768,
        0.76358,
        0.76948,
        0.77096,
        0.77596,
        0.77696
    ],
    "val_accs": [
        0.3744,
        0.4142,
        0.458,
        0.4809,
        0.4996,
        0.5342,
        0.5662,
        0.5935,
        0.5819,
        0.589,
        0.6024,
        0.6201,
        0.617,
        0.6351,
        0.6756,
        0.6756,
        0.6706,
        0.6839,
        0.6861,
        0.7038,
        0.6944,
        0.7246,
        0.7132,
        0.7139,
        0.7133,
        0.7294,
        0.7389,
        0.728,
        0.7346,
        0.7423,
        0.7343,
        0.7453,
        0.7484,
        0.7642,
        0.7599,
        0.7564,
        0.7647,
        0.7575,
        0.7782,
        0.7789,
        0.7755,
        0.7711,
        0.7606,
        0.7804,
        0.7703,
        0.7917,
        0.7959,
        0.7914,
        0.7941,
        0.7959
    ],
    "epochs_time": 841.2379117012024,
    "test_loss": 0.5902949824929238,
    "test_acc": 0.7959
}