{"train_losses": [1.8822919136407423, 1.6037967466578191, 1.4933890888885575, 1.3997021603341004, 1.3370393435565793, 1.276874517299691, 1.2214350378026768, 1.1700000407136217, 1.1327157352043657, 1.092819134191591, 1.0430695073945182, 1.0168594535516233, 0.9912586169583457, 0.9654981229378252, 0.9322651338820555, 0.9067867240127252, 0.8832091020078076, 0.8685380643119618, 0.8526486316505744, 0.8308006576737579, 0.8075474816925672, 0.7993019652001712, 0.7761512599429305, 0.7676461904632802, 0.7579995859034208, 0.742232626189991, 0.7306804352877091, 0.7144138770444053, 0.7018801557774447, 0.6943730997795962, 0.6771716968137391, 0.6637982903998725, 0.6605492836358596, 0.6498077353652643, 0.63831135539376, 0.6356191692911849, 0.6266460709121763, 0.6174128803671622, 0.6032837389075026, 0.5942758937575379, 0.5952624669488595, 0.5784387810497867, 0.567878177731621, 0.565391483659647, 0.5542652235955609, 0.5562852902375922, 0.5417547219870041, 0.5318904911376992, 0.5291021162149857, 0.5259043930136428], "val_losses": [1.5858596116304398, 1.5220132708549499, 1.3611582607030868, 1.2718236058950425, 1.1936189651489257, 1.1570269763469696, 1.1396874457597732, 1.0196972712874413, 1.0631144911050796, 0.9702438339591026, 0.9623456910252571, 0.8825884938240052, 0.9209054306149482, 0.8747219115495681, 0.8243190720677376, 0.7962605684995652, 0.7907430410385132, 0.7927127540111542, 0.7872165530920029, 0.7467057451605796, 0.72516950070858, 0.7262073874473571, 0.7408975660800934, 0.7035067796707153, 0.7135246261954308, 0.6808868065476418, 0.6693940237164497, 0.6560344800353051, 0.6641749605536461, 0.6505581811070442, 0.6267157018184661, 0.6665845677256584, 0.6346705637872219, 0.6297925345599651, 0.6195081017911435, 0.6597875148057938, 0.6032898545265197, 0.6429768621921539, 0.5950079947710037, 0.608828866481781, 0.5953802838921547, 0.5852871984243393, 0.5875897690653801, 0.5982340559363365, 0.6030771054327488, 0.6071505308151245, 0.5833505861461162, 0.5892303720116615, 0.5903060272336006, 0.5969468064606189], "train_accs": [0.31032, 0.41006, 0.45394, 0.49126, 0.51466, 0.53862, 0.56, 0.57798, 0.59414, 0.6077, 0.62588, 0.63752, 0.64706, 0.65714, 0.66882, 0.67766, 0.68494, 0.69286, 0.69652, 0.70246, 0.71406, 0.71838, 0.72582, 0.72636, 0.73104, 0.73574, 0.74152, 0.74672, 0.75128, 0.75522, 0.7605, 0.76406, 0.7657, 0.76908, 0.77364, 0.77448, 0.7793, 0.78064, 0.78652, 0.7902, 0.79006, 0.79596, 0.79862, 0.7992, 0.80286, 0.80284, 0.80866, 0.81158, 0.81304, 0.81434], "val_accs": [0.4189, 0.4497, 0.5078, 0.5465, 0.5694, 0.5844, 0.5911, 0.6369, 0.6319, 0.6517, 0.6603, 0.6937, 0.6766, 0.6989, 0.7123, 0.7211, 0.7262, 0.7264, 0.7249, 0.7426, 0.7444, 0.7512, 0.7413, 0.7573, 0.7544, 0.7635, 0.7674, 0.7742, 0.7684, 0.7736, 0.7817, 0.7686, 0.7804, 0.783, 0.7877, 0.7779, 0.7911, 0.7828, 0.7906, 0.7903, 0.7894, 0.7966, 0.8006, 0.7982, 0.7975, 0.7978, 0.8051, 0.8041, 0.8022, 0.8014], "epochs_time": 806.751006603241, "test_loss": 0.5969468064606189, "test_acc": 0.8014}