{"train_losses": [2.1342931803391902, 1.8043337628549458, 1.658551114554308, 1.5710370850806334, 1.5027728147652684, 1.4503932680402483, 1.417447070077974, 1.348027620388537, 1.3128719658267742, 1.287657462820715, 1.2334597214144103, 1.207761219569615, 1.1679509513232174, 1.1411635763182932, 1.109081996338708, 1.0839746393719498, 1.0587207133672676, 1.038216508468803, 1.0076698587865245, 0.9909127749958817, 0.972694396668551, 0.951719867331641, 0.933267821462787, 0.9092732819975639, 0.890757220740221, 0.8818949360628517, 0.867425910672363, 0.8524271480891169, 0.8324700125626155, 0.8169277383356678, 0.8066221025525308, 0.796672315013652, 0.7853309426988874, 0.7733659093477288, 0.7658438810280391, 0.7562377918131498, 0.7413051636243353, 0.7283244540496748, 0.7172808513349417, 0.712761927624138, 0.6987845332038646, 0.7093033675028353, 0.6835424434773776, 0.6706350092985192, 0.6683571974233705, 0.6653843748630309, 0.6523106726152557, 0.64865806805236, 0.642738862457324, 0.6313372365370089], "val_losses": [1.8458989769220353, 1.6780432343482972, 1.4900390088558197, 1.4727461278438567, 1.4441731601953507, 1.3298910558223724, 1.2735008955001832, 1.2383679091930389, 1.1996098667383195, 1.1596346259117127, 1.18104986846447, 1.072330266237259, 1.0680840760469437, 1.043706738948822, 0.9788838878273964, 0.9848035648465157, 0.9474628165364265, 0.9460354059934616, 0.8836796849966049, 0.8794421389698982, 0.8826221391558647, 0.8225440338253975, 0.8439655140042305, 0.8487349867820739, 0.798973998427391, 0.8275071009993553, 0.7535619303584099, 0.8111076384782792, 0.7610685005784035, 0.7580489799380302, 0.7695835292339325, 0.7811325252056122, 0.7141689792275429, 0.6955232426524163, 0.7129934459924698, 0.6933665439486504, 0.7087856143712997, 0.6806719198822975, 0.6927294254302978, 0.664520888030529, 0.6510135792195797, 0.6540402203798295, 0.6780613042414189, 0.6594403080642224, 0.6423486985266209, 0.6548568561673165, 0.6295675218105317, 0.6433407798409462, 0.6149551331996918, 0.6236479371786118], "train_accs": [0.2092, 0.34578, 0.3964, 0.42722, 0.45252, 0.47234, 0.4863, 0.51104, 0.52568, 0.53374, 0.55338, 0.56426, 0.58072, 0.5908, 0.60058, 0.61348, 0.61966, 0.62996, 0.63852, 0.64424, 0.65534, 0.65938, 0.66612, 0.67652, 0.68402, 0.68482, 0.69126, 0.69606, 0.70548, 0.70914, 0.71412, 0.71788, 0.72204, 0.72464, 0.72928, 0.73164, 0.73726, 0.74174, 0.74546, 0.74684, 0.75314, 0.7484, 0.75632, 0.76152, 0.76268, 0.76472, 0.7691, 0.77018, 0.77406, 0.776], "val_accs": [0.3584, 0.3998, 0.4604, 0.4794, 0.4791, 0.5206, 0.5525, 0.5537, 0.5713, 0.588, 0.5703, 0.6179, 0.6271, 0.6304, 0.6526, 0.6556, 0.6641, 0.6654, 0.6892, 0.6942, 0.6918, 0.7128, 0.7019, 0.7082, 0.725, 0.7028, 0.7366, 0.7176, 0.7356, 0.7333, 0.7339, 0.739, 0.7505, 0.7596, 0.7484, 0.7551, 0.7594, 0.7669, 0.7668, 0.7718, 0.7714, 0.7761, 0.7679, 0.7789, 0.7795, 0.7779, 0.7841, 0.7798, 0.7872, 0.7893], "epochs_time": 1011.8639361858368, "test_loss": 0.6236479371786118, "test_acc": 0.7893}