{"train_losses": [2.0637629342322446, 1.8294153177008337, 1.7038597257769839, 1.601580413020387, 1.5177452211477318, 1.4502727492731444, 1.4008948802947998, 1.3476067434768288, 1.2870940949235643, 1.2496262515077785, 1.1982544362545013, 1.156589534209699, 1.1266649484026188, 1.0847897015664043, 1.0539956600690374, 1.0316353555844755, 0.9979727043181049, 0.9758087390539597, 0.955748768181217, 0.9306016324125991, 0.9078270333762072, 0.890815617782729, 0.8728939820917285, 0.8654250499545312, 0.8464742026158741, 0.8291405570142123, 0.8075430533107446, 0.7922025754743692, 0.7772040044774815, 0.7657016232913855, 0.7475999152782012, 0.7437580291713987, 0.7225813205753054, 0.7101128746052178, 0.7019491657918814, 0.6866119291101184, 0.6771103514700519, 0.6751959688809454, 0.6608080608504159, 0.6518154399735587, 0.6424203364520656, 0.6347096750930864, 0.6211598263103135, 0.6172259719092019, 0.6113542806433172, 0.5955357285482543, 0.5932838265993157, 0.5847297028011206, 0.5793001072443261, 0.5710732509591141], "val_losses": [1.8652440935373307, 1.6912638276815415, 1.5784422695636748, 1.491424059867859, 1.415321883559227, 1.3683520019054414, 1.3083121120929717, 1.2272236794233322, 1.1763926416635513, 1.1275330096483231, 1.076563449203968, 1.0398313283920289, 1.0167057693004609, 0.9683891400694847, 0.9433348700404167, 0.922800923883915, 0.88542590290308, 0.8541562750935554, 0.850229574739933, 0.8205654427409173, 0.8047805175185203, 0.8293840676546097, 0.7880117744207382, 0.7673139661550522, 0.7648963913321495, 0.737160986661911, 0.7274500727653503, 0.7026439517736435, 0.6964723736047744, 0.674204608052969, 0.6612786754965783, 0.675320117175579, 0.6375621736049653, 0.6485694482922554, 0.6330335766077042, 0.6299784921109677, 0.6036468334496021, 0.6280207484960556, 0.5891652017831802, 0.5949403636157513, 0.5695376858115196, 0.5760392144322395, 0.5587438605725765, 0.5476892836391926, 0.5608992859721184, 0.5515615925192833, 0.5347016662359237, 0.5301551312208176, 0.5431082747876644, 0.5218788765370845], "train_accs": [0.26058, 0.34442, 0.38562, 0.42086, 0.44994, 0.4767, 0.497, 0.51558, 0.53908, 0.5528, 0.5732, 0.5892, 0.59978, 0.61416, 0.62512, 0.6328, 0.64592, 0.6549, 0.66292, 0.66876, 0.6799, 0.68584, 0.69304, 0.69524, 0.70266, 0.70658, 0.71584, 0.72162, 0.72674, 0.73076, 0.73792, 0.73862, 0.74696, 0.75058, 0.75294, 0.75934, 0.76072, 0.7636, 0.76944, 0.7727, 0.77386, 0.77712, 0.78162, 0.7832, 0.78664, 0.7929, 0.79178, 0.79354, 0.79788, 0.80092], "val_accs": [0.3424, 0.3985, 0.4375, 0.46, 0.4918, 0.5066, 0.5271, 0.5692, 0.5848, 0.5997, 0.6193, 0.6331, 0.6422, 0.6586, 0.6674, 0.6753, 0.6837, 0.6995, 0.6984, 0.7068, 0.7148, 0.7091, 0.7199, 0.723, 0.7227, 0.7392, 0.7478, 0.7479, 0.7525, 0.7592, 0.7654, 0.7634, 0.7764, 0.773, 0.7745, 0.7766, 0.7872, 0.7808, 0.7948, 0.7863, 0.8033, 0.7948, 0.8047, 0.8077, 0.8025, 0.8081, 0.81, 0.8123, 0.8082, 0.8165], "epochs_time": 701.8066258430481, "test_loss": 0.5218788765370845, "test_acc": 0.8165}