{"train_losses": [2.302608409706427, 2.302606079043174, 2.30261101649732, 2.3026058491395442, 2.3026081810192185, 2.3026096176128, 2.3026036814767488, 2.3026086493414275, 2.3026121088436673, 2.3026164234900963, 2.3026064500516776, 2.302607945033482, 2.30260902886488, 2.3026061520284538, 2.3026153980469215, 2.302605934289037, 2.30260723464343, 2.3026056654599247, 2.302607920705056, 2.302609697896607, 2.3026109593255177, 2.3026068125452315, 2.3026101844651357, 2.3026107087427254, 2.302608370780945, 2.302607959630538, 2.3026096687024955, 2.3026105128988927, 2.302608443766224, 2.302608779498509, 2.3026053467575385, 2.302609154156276, 2.30261016986808, 2.302612372807094, 2.302610200278613, 2.3026100056512013, 2.302610930131406, 2.3026062578571085, 2.3026072322105873, 2.302605684922666, 2.302607542398025, 2.302610907019401, 2.302607812443558, 2.3026066702239367, 2.302609235656505, 2.3026086262294223, 2.3026054829967264, 2.302604820047106, 2.302605997542946, 2.3026064962756876], "val_losses": [2.3025853633880615, 2.302577966451645, 2.3025826513767242, 2.3025844573974608, 2.30258731842041, 2.302583920955658, 2.3025818169116974, 2.302580887079239, 2.3025789976119997, 2.302579754590988, 2.3025846004486086, 2.3025823712348936, 2.3025886595249174, 2.3025848627090455, 2.302589076757431, 2.302579718828201, 2.3025784254074098, 2.3025807619094847, 2.302580749988556, 2.3025884926319122, 2.302592861652374, 2.302585077285767, 2.3025858640670775, 2.3025882065296175, 2.3025858879089354, 2.302584505081177, 2.3025866568088533, 2.3025863587856295, 2.302592533826828, 2.3025853514671324, 2.302588564157486, 2.302577757835388, 2.302592235803604, 2.3025800049304963, 2.302588886022568, 2.302593249082565, 2.3025843143463134, 2.302595317363739, 2.3025899052619936, 2.3025809288024903, 2.3025852620601652, 2.302592486143112, 2.302579516172409, 2.3025820195674895, 2.302581799030304, 2.302580589056015, 2.302582460641861, 2.3025802850723265, 2.3025821149349213, 2.3025803089141847], "train_accs": [0.09664, 0.09784, 0.09684, 0.09674, 0.09624, 0.09504, 0.099, 0.0981, 0.09782, 0.09822, 0.09782, 0.0983, 0.09774, 0.0976, 0.09732, 0.09914, 0.09608, 0.09878, 0.0975, 0.09812, 0.09798, 0.09534, 0.09706, 0.0961, 0.098, 0.09814, 0.09864, 0.09852, 0.09876, 0.0965, 0.09848, 0.0972, 0.09748, 0.0992, 0.09736, 0.09666, 0.09718, 0.09764, 0.09686, 0.09804, 0.09758, 0.09744, 0.09814, 0.0987, 0.09958, 0.0993, 0.0967, 0.0974, 0.09936, 0.09506], "val_accs": [0.1, 0.1, 0.1, 0.1, 0.1, 0.1, 0.1, 0.1, 0.1, 0.1, 0.1, 0.1, 0.1, 0.1, 0.1, 0.1, 0.1, 0.1, 0.1, 0.1, 0.1, 0.1, 0.1, 0.1, 0.1, 0.1, 0.1, 0.1, 0.1, 0.1, 0.1, 0.1, 0.1, 0.1, 0.1, 0.1, 0.1, 0.1, 0.1, 0.1, 0.1, 0.1, 0.1, 0.1, 0.1, 0.1, 0.1, 0.1, 0.1, 0.1], "epochs_time": 1216.758062839508, "test_loss": 2.3025803089141847, "test_acc": 0.1}