{"train_losses": [2.302543980734689, 2.302437418577622, 2.3023564438430633, 2.3022562970920486, 2.302144927637918, 2.3020025029474374, 2.301804838131885, 2.301539799388574, 2.301137474118447, 2.3005066915434234, 2.2993727934603787, 2.296990140360229, 2.289161794039668, 2.1999176144599915, 2.0415666857544257, 1.9783123165977246, 1.9403184761806411, 1.9211684720856803, 1.8932742549448598, 1.868926193032946, 1.8442996722094867, 1.8018310915450662, 1.747442097079997, 1.7296277923243386, 1.686656838777114, 1.6572946960828743, 1.6221221898283278, 1.5778700800574557, 1.5553730939115797, 1.5255006770698392, 1.5011937320232391, 1.4593668421920465, 1.4231122622684556, 1.3940248623186229, 1.3670972901947644, 1.3435443937778473, 1.3165542860420383, 1.282724499094243, 1.2516898257391793, 1.2361152895859309, 1.2124667581246824, 1.194622589313254, 1.1571375630339797, 1.1441662828533017, 1.1458573098085365, 1.1131636521645956, 1.1037125985841363, 1.0836611414442257, 1.074466449873788, 1.0557775628201815], "val_losses": [2.3024272501468657, 2.3023158490657805, 2.3022185266017914, 2.3021056830883024, 2.301962250471115, 2.3017746210098267, 2.3015195965766906, 2.3011508703231813, 2.300592523813248, 2.2996944010257723, 2.2979891121387483, 2.2939246237277984, 2.274956983327866, 2.0600183486938475, 1.960269930958748, 1.8922445595264434, 1.9014812052249908, 1.9062530755996705, 1.8435321867465972, 1.7675407648086547, 1.7566418439149856, 1.756695929169655, 1.6340897798538208, 1.6185386389493943, 1.5737412840127945, 1.5302998453378678, 1.5093870222568513, 1.4772795975208282, 1.4113257616758346, 1.4060283958911897, 1.411108848452568, 1.3155699610710143, 1.2792386353015899, 1.2534822583198548, 1.2441460371017456, 1.3718095928430558, 1.2636341065168382, 1.2695879757404327, 1.2363671034574508, 1.1363775223493575, 1.1393417865037918, 1.147787618637085, 1.0827386155724525, 1.0706773191690444, 1.0874795779585837, 1.1074176728725433, 0.9879378795623779, 1.0891160830855369, 0.989144578576088, 0.933074577152729], "train_accs": [0.09994, 0.10914, 0.12374, 0.16156, 0.14242, 0.1642, 0.13922, 0.17984, 0.18916, 0.1689, 0.19316, 0.19472, 0.19434, 0.18634, 0.22276, 0.24386, 0.25218, 0.25876, 0.26514, 0.2737, 0.28682, 0.30624, 0.33356, 0.34456, 0.36392, 0.37916, 0.39228, 0.40862, 0.41534, 0.43014, 0.44356, 0.4579, 0.47446, 0.48592, 0.49746, 0.50782, 0.51758, 0.53104, 0.54062, 0.55068, 0.55628, 0.5653, 0.57644, 0.58452, 0.58526, 0.59602, 0.5991, 0.6052, 0.60976, 0.61772], "val_accs": [0.1536, 0.1628, 0.2144, 0.2052, 0.1545, 0.1658, 0.2249, 0.1862, 0.1876, 0.2242, 0.2069, 0.2027, 0.1849, 0.2126, 0.233, 0.2776, 0.2512, 0.2678, 0.2891, 0.312, 0.3262, 0.3456, 0.3759, 0.3743, 0.3986, 0.4282, 0.4314, 0.4386, 0.4633, 0.4765, 0.4734, 0.5086, 0.5187, 0.5331, 0.539, 0.5097, 0.5302, 0.5387, 0.5553, 0.5832, 0.5868, 0.5914, 0.61, 0.6123, 0.6056, 0.6076, 0.6389, 0.6184, 0.6366, 0.6624], "epochs_time": 1217.7953877449036, "test_loss": 0.933074577152729, "test_acc": 0.6624}