{"train_losses": [2.1356388871767082, 1.8011068963274663, 1.6588137520819295, 1.5633077992468465, 1.5087097347999106, 1.4498460006957152, 1.4165629872253962, 1.346866899607133, 1.3090545407363348, 1.2883518928167772, 1.2366349678866717, 1.2085341677373769, 1.1658549162806298, 1.139147801058633, 1.1141369935809349, 1.0852094018945888, 1.0583452399896116, 1.0402744895949656, 1.0193308485405785, 0.9954941163257677, 0.9730630851521784, 0.950807756611279, 0.9370468994792627, 0.9127842358180455, 0.8931908470635511, 0.8869124191756151, 0.8673217807497297, 0.8547321050142755, 0.8348596536991547, 0.8209132092947863, 0.80683668657225, 0.7946989752200185, 0.7904513095106397, 0.7731147955875007, 0.767978268314381, 0.7585698971334769, 0.7413826295915915, 0.733603264604296, 0.720933659952514, 0.714295507389672, 0.700454766653022, 0.7109766952237304, 0.6853866747447422, 0.6749982776082292, 0.6681728210984444, 0.670684743596583, 0.6591017860539106, 0.6514359406974851, 0.6412795646762361, 0.6281547557030406], "val_losses": [1.8775853484869003, 1.7239842772483827, 1.4702625513076781, 1.4287542253732681, 1.3955742359161376, 1.3365012198686599, 1.2939001142978668, 1.2342760533094406, 1.2168145149946212, 1.181228342652321, 1.1923200607299804, 1.0802189722657203, 1.0569027334451675, 1.0508320778608322, 0.9861771434545517, 1.0080087140202523, 0.9537646770477295, 0.9378976032137871, 0.9211320385336876, 0.8729370132088661, 0.8698659002780914, 0.8307988539338111, 0.844481997191906, 0.8412033706903458, 0.8014809057116509, 0.7962021097540856, 0.7680574834346772, 0.8092352882027626, 0.7699346661567688, 0.7394568741321563, 0.7459322199225425, 0.7672338038682938, 0.712783719599247, 0.6865467667579651, 0.7013368099927902, 0.6916761100292206, 0.7010637775063515, 0.6752613835036755, 0.686924260109663, 0.6606318235397339, 0.6467286795377731, 0.6605400323867798, 0.682942920923233, 0.6768970049917697, 0.6581961043179035, 0.6653583481907844, 0.6265784777700901, 0.63393986672163, 0.6045940712094307, 0.6144368901848793], "train_accs": [0.20866, 0.34576, 0.39628, 0.42924, 0.4512, 0.47302, 0.48368, 0.5103, 0.52734, 0.53258, 0.55172, 0.56598, 0.58022, 0.59238, 0.60088, 0.61152, 0.62156, 0.62822, 0.63518, 0.64324, 0.65532, 0.6613, 0.66478, 0.67456, 0.6828, 0.6833, 0.69232, 0.6968, 0.70448, 0.70774, 0.71532, 0.71786, 0.7212, 0.72458, 0.7271, 0.7308, 0.73792, 0.7404, 0.7437, 0.74502, 0.75142, 0.74892, 0.7585, 0.76082, 0.7628, 0.7639, 0.76488, 0.76874, 0.77348, 0.77594], "val_accs": [0.3445, 0.3818, 0.4625, 0.4922, 0.497, 0.518, 0.5372, 0.5522, 0.5649, 0.5778, 0.5696, 0.6164, 0.6293, 0.6252, 0.6506, 0.6452, 0.6614, 0.6635, 0.6718, 0.6955, 0.6955, 0.7106, 0.7005, 0.7061, 0.7206, 0.717, 0.7317, 0.7205, 0.7293, 0.7404, 0.7379, 0.7412, 0.753, 0.761, 0.7525, 0.7581, 0.7658, 0.767, 0.7665, 0.7711, 0.7756, 0.7728, 0.7691, 0.775, 0.7698, 0.7729, 0.7853, 0.7771, 0.7947, 0.7913], "epochs_time": 704.8780226707458, "test_loss": 0.6144368901848793, "test_acc": 0.7913}