{"train_losses": [2.3025568966962853, 2.302485929459942, 2.3024545834988963, 2.3024088168630796, 2.302375316619873, 2.3023388008682097, 2.302285391457227, 2.3022403875175788, 2.3021819919955973, 2.3021177588676918, 2.3020088696966368, 2.3018999768763173, 2.3017611272481022, 2.3015611293364544, 2.301291743103339, 2.3008829026806112, 2.3002604465095366, 2.2991929321872946, 2.2971755302682215, 2.2925310317350895, 2.274982768662122, 2.1794017808777943, 2.0908178358661886, 2.007103611620105, 1.9609594004494804, 1.9219083901570768, 1.8942889273166656, 1.8760842066638324, 1.8488662096918846, 1.8303431856388948, 1.8123961711416439, 1.7907678630887245, 1.7582185846202227, 1.738664141114877, 1.7231475412845612, 1.6987094173626023, 1.6851307670680844, 1.647258687992485, 1.6153687524552247, 1.5960234500923935, 1.5514908597177388, 1.539422801562718, 1.513639283423521, 1.474311348126859, 1.454670474845536, 1.4064280755665837, 1.3811266069509545, 1.3225963924612318, 1.3095984033175878, 1.2693154817941237], "val_losses": [2.3024564921855926, 2.302392381429672, 2.3023559391498565, 2.30231711268425, 2.3022692620754244, 2.302213376760483, 2.302157700061798, 2.302084630727768, 2.302000480890274, 2.3019172668457033, 2.3018135130405426, 2.3016744673252107, 2.3014943063259126, 2.301231974363327, 2.3008438408374787, 2.300279068946838, 2.299400806427002, 2.297826659679413, 2.294606113433838, 2.2863740026950836, 2.240919953584671, 2.11804193854332, 2.051583969593048, 1.9784330546855926, 1.8888589322566987, 1.8365265667438506, 1.8158972620964051, 1.8247981309890746, 1.7624665170907974, 1.7357649445533752, 1.7692848950624467, 1.7021842420101165, 1.7013742446899414, 1.6759535372257233, 1.628885355591774, 1.6491205781698226, 1.633188670873642, 1.5531689196825027, 1.6296839505434035, 1.5615959107875823, 1.4594564944505692, 1.4780661642551423, 1.3998564392328263, 1.3693925231695174, 1.345943170785904, 1.3014047205448152, 1.2754411309957505, 1.3536415249109268, 1.2862571716308593, 1.1634228944778442], "train_accs": [0.10934, 0.10388, 0.10784, 0.12794, 0.11538, 0.12792, 0.1218, 0.13992, 0.1303, 0.11954, 0.13464, 0.13014, 0.1408, 0.1502, 0.16262, 0.15456, 0.17864, 0.18038, 0.1852, 0.18188, 0.1779, 0.17676, 0.21214, 0.22414, 0.24164, 0.25208, 0.25888, 0.26582, 0.27468, 0.28402, 0.29118, 0.302, 0.31308, 0.32092, 0.33046, 0.3432, 0.35052, 0.36642, 0.3801, 0.38534, 0.4043, 0.41342, 0.42646, 0.44294, 0.4531, 0.47234, 0.48444, 0.51034, 0.51632, 0.5323], "val_accs": [0.1108, 0.1447, 0.1137, 0.135, 0.1002, 0.1076, 0.1506, 0.1233, 0.1311, 0.1462, 0.1551, 0.2095, 0.1591, 0.1876, 0.1832, 0.2165, 0.1998, 0.2286, 0.2104, 0.1912, 0.1691, 0.1921, 0.2291, 0.2503, 0.2616, 0.2888, 0.2838, 0.292, 0.3109, 0.3199, 0.3092, 0.3408, 0.3352, 0.3535, 0.3642, 0.3663, 0.3735, 0.4064, 0.3814, 0.4082, 0.4384, 0.4353, 0.4743, 0.484, 0.4947, 0.515, 0.5191, 0.5009, 0.53, 0.5684], "epochs_time": 701.3536062240601, "test_loss": 1.1634228944778442, "test_acc": 0.5684}