{"train_losses": [2.3026024443762645, 2.3026027959220263, 2.302606036468428, 2.3026073757483037, 2.302606395312718, 2.3026048115321567, 2.3026050475178934, 2.3026055924746456, 2.302607812443558, 2.3026092125444997, 2.3026070971878205, 2.3026058199454327, 2.3026035768645152, 2.302605594907488, 2.3026071227326685, 2.3026071373297246, 2.302605397847234, 2.3026045037775624, 2.3026032155873826, 2.302605484213148, 2.3026041765602265, 2.3026038067681447, 2.302605542601371, 2.3026062919169057, 2.3026051898391877, 2.3026038724548963, 2.3026066471119315, 2.3026071604417293, 2.302606527902642, 2.302606897694724, 2.302604019641876, 2.3026078781303094, 2.3026054367727165, 2.30260601092358, 2.3026071531432017, 2.3026051399659138, 2.3026042252170797, 2.302603073266088, 2.302608820856834, 2.3026094266346524, 2.3026048176142635, 2.30260393084312, 2.3026042799560393, 2.3026066385969823, 2.3026087807149302, 2.3026068161944955, 2.302605160645076, 2.302604070731572, 2.302605313914163, 2.3026058308932247], "val_losses": [2.3025857388973234, 2.302583169937134, 2.3025853276252746, 2.302590525150299, 2.3025867104530335, 2.3025920510292055, 2.302585905790329, 2.302584946155548, 2.302587002515793, 2.30258361697197, 2.3025893211364745, 2.302582162618637, 2.3025816559791563, 2.302577716112137, 2.302587640285492, 2.302587777376175, 2.3025875449180604, 2.3025865256786346, 2.302591896057129, 2.3025810778141023, 2.3025825560092925, 2.302587020397186, 2.3025908708572387, 2.3025860667228697, 2.3025855720043182, 2.3025882661342623, 2.3025825142860414, 2.3025820791721343, 2.302583175897598, 2.3025842368602754, 2.302585780620575, 2.302579391002655, 2.302581971883774, 2.302579927444458, 2.3025863826274873, 2.302589625120163, 2.302586001157761, 2.3025890052318574, 2.3025859713554384, 2.3025757014751433, 2.302583086490631, 2.3025833904743194, 2.3025873601436615, 2.302581787109375, 2.3025835692882537, 2.302581179141998, 2.3025814414024355, 2.30258087515831, 2.302579939365387, 2.302585560083389], "train_accs": [0.0975, 0.09804, 0.09642, 0.09808, 0.09582, 0.09726, 0.09732, 0.09808, 0.09852, 0.09614, 0.09784, 0.0974, 0.09716, 0.0987, 0.09726, 0.09834, 0.09662, 0.09644, 0.09886, 0.09614, 0.0969, 0.1, 0.0971, 0.0986, 0.09622, 0.09896, 0.09842, 0.0978, 0.09842, 0.09824, 0.09928, 0.09894, 0.09898, 0.09648, 0.09752, 0.09822, 0.09476, 0.09734, 0.09658, 0.09834, 0.09838, 0.09862, 0.09766, 0.09762, 0.09748, 0.09574, 0.09752, 0.09884, 0.09918, 0.09598], "val_accs": [0.1, 0.1, 0.1, 0.1, 0.1, 0.1, 0.1, 0.1, 0.1, 0.1, 0.1, 0.1, 0.1, 0.1, 0.1, 0.1, 0.1, 0.1, 0.1, 0.1, 0.1, 0.1, 0.1, 0.1, 0.1, 0.1, 0.1, 0.1, 0.1, 0.1, 0.1, 0.1, 0.1, 0.1, 0.1, 0.1, 0.1, 0.1, 0.1, 0.1, 0.1, 0.1, 0.1, 0.1, 0.1, 0.1, 0.1, 0.1, 0.1, 0.1], "epochs_time": 663.4404783248901, "test_loss": 2.302585560083389, "test_acc": 0.1}