{"train_losses": [1.9001648462548548, 1.6415962607276684, 1.5051068967702437, 1.4217735309990085, 1.3525471942765372, 1.2903632716256745, 1.2443738062771, 1.1842424255244586, 1.1528947289500917, 1.1182025205724093, 1.0886180920868505, 1.0649735839391241, 1.039346966208244, 1.0121271762312676, 0.9830036327546957, 0.9683473049377909, 0.952192486244805, 0.926959653594056, 0.907092711146997, 0.8888741655617344, 0.8693135113132243, 0.8526963877434633, 0.8392484300598806, 0.8300033315103881, 0.8127919350351606, 0.8022531173667129, 0.786768512154112, 0.774592707047657, 0.7639653697914007, 0.7471136879556033, 0.7442049563539271, 0.7315878938047253, 0.7171383390621263, 0.7126870544589295, 0.6994515985858684, 0.6940874332676128, 0.6840003902206615, 0.6705504996435983, 0.6658937880883411, 0.6557776105343079, 0.6474292180976089, 0.6411830779849267, 0.6385268486884176, 0.6279821173877133, 0.6169088008452435, 0.612451009908501, 0.6029271565529765, 0.5951027001957504, 0.5829427029405322, 0.5828966309829634], "val_losses": [1.6618737280368805, 1.452236333489418, 1.310680654644966, 1.3056298702955247, 1.2104209393262864, 1.1308562457561493, 1.125478932261467, 1.0489288851618768, 1.0438980236649513, 0.9782292529940605, 0.9886519104242325, 0.9277718618512154, 0.9436466336250305, 0.8852481275796891, 0.8761688932776451, 0.8651636689901352, 0.8375652551651, 0.8445295304059982, 0.8273434326052665, 0.7717178642749787, 0.8023145213723183, 0.7478833109140396, 0.7514301851391793, 0.7419219791889191, 0.7400051712989807, 0.7022114440798759, 0.7039115309715271, 0.6960830971598625, 0.6974583625793457, 0.7254829540848732, 0.6844311535358429, 0.6553635030984879, 0.6583097949624062, 0.6502024710178376, 0.6491254076361657, 0.6594128221273422, 0.6468327611684799, 0.6640826538205147, 0.6310477890074253, 0.606369923055172, 0.5997479476034642, 0.6206751063466072, 0.6036974065005779, 0.5910696730017662, 0.5958017766475677, 0.5791572161018849, 0.57892657071352, 0.5840538270771504, 0.5785757809877395, 0.5822831787168979], "train_accs": [0.317, 0.40796, 0.4569, 0.48558, 0.5093, 0.53424, 0.5512, 0.57224, 0.58348, 0.59968, 0.60928, 0.61874, 0.62694, 0.63648, 0.64794, 0.65438, 0.65946, 0.66878, 0.677, 0.68418, 0.69186, 0.699, 0.69942, 0.70428, 0.71188, 0.71456, 0.72064, 0.72618, 0.72942, 0.73418, 0.73724, 0.7397, 0.74652, 0.74558, 0.75288, 0.753, 0.75974, 0.76384, 0.76366, 0.76798, 0.7703, 0.77358, 0.7744, 0.77722, 0.78224, 0.78284, 0.78624, 0.78964, 0.7959, 0.79414], "val_accs": [0.4005, 0.4806, 0.5243, 0.5267, 0.5604, 0.591, 0.5983, 0.6303, 0.628, 0.6552, 0.6446, 0.6723, 0.6607, 0.6871, 0.6933, 0.6975, 0.7069, 0.7043, 0.7096, 0.7241, 0.7173, 0.7363, 0.7341, 0.739, 0.7423, 0.752, 0.7522, 0.7547, 0.7549, 0.7513, 0.7627, 0.7727, 0.7723, 0.7738, 0.7763, 0.7688, 0.7762, 0.7726, 0.7842, 0.7891, 0.7923, 0.7826, 0.7898, 0.7971, 0.7935, 0.7981, 0.8026, 0.8016, 0.7971, 0.7928], "epochs_time": 678.4673910140991, "test_loss": 0.5822831787168979, "test_acc": 0.7928}