{"train_losses": [2.3026062602899513, 2.302606558313175, 2.3026101747337653, 2.3026115042822703, 2.3026103304356944, 2.302608299012087, 2.302608447415488, 2.302608919386961, 2.3026113400653916, 2.3026129007339478, 2.302610347465593, 2.302608695565438, 2.302606021871372, 2.3026082783329245, 2.302609830486531, 2.3026098876583334, 2.3026078975930506, 2.3026066592761447, 2.3026050523835786, 2.302607609301197, 2.3026061216179206, 2.302605543817793, 2.302607619032568, 2.3026082686015537, 2.302606993792008, 2.302605307832056, 2.302608391460107, 2.302608933984017, 2.3026081201981525, 2.30260858730394, 2.302605088876218, 2.3026095738216323, 2.3026065765594947, 2.3026073295242933, 2.302608531348559, 2.3026061812225653, 2.302605002510304, 2.3026036389020024, 2.3026102173085117, 2.3026107269890455, 2.302605392981549, 2.3026043492920545, 2.3026045694643136, 2.302607220046374, 2.302609600582901, 2.3026072468076433, 2.3026052190332997, 2.3026039782835515, 2.3026051728092893, 2.302605560847691], "val_losses": [2.3025866746902466, 2.3025837779045104, 2.3025859355926515, 2.302591526508331, 2.302586853504181, 2.3025928497314454, 2.3025851607322694, 2.302583855390549, 2.302586430311203, 2.3025823712348936, 2.3025890469551085, 2.302580749988556, 2.302579927444458, 2.3025756776332855, 2.302587080001831, 2.302586925029755, 2.3025866746902466, 2.302585685253143, 2.3025912761688234, 2.302579128742218, 2.3025807082653045, 2.3025858879089354, 2.3025903522968294, 2.3025845766067503, 2.3025839805603026, 2.3025867462158205, 2.302580404281616, 2.3025803685188295, 2.302581197023392, 2.3025825023651123, 2.302584195137024, 2.3025761187076568, 2.302579218149185, 2.302576929330826, 2.3025843441486358, 2.302588051557541, 2.302583622932434, 2.302586728334427, 2.3025831043720246, 2.3025715351104736, 2.3025802075862885, 2.302580511569977, 2.3025848269462585, 2.3025778770446776, 2.3025796175003053, 2.302577042579651, 2.302577722072601, 2.302576959133148, 2.3025757014751433, 2.3025819063186646], "train_accs": [0.09686, 0.09774, 0.09632, 0.09792, 0.0956, 0.0966, 0.09748, 0.09738, 0.09852, 0.09624, 0.09744, 0.09666, 0.0975, 0.09856, 0.09742, 0.09852, 0.09704, 0.09646, 0.09884, 0.09612, 0.09744, 0.1, 0.09722, 0.09866, 0.09622, 0.09872, 0.09822, 0.09804, 0.09878, 0.09764, 0.09816, 0.09894, 0.09874, 0.09686, 0.09854, 0.0983, 0.09494, 0.0977, 0.09698, 0.09842, 0.09818, 0.0983, 0.09854, 0.0981, 0.09754, 0.0969, 0.10048, 0.09874, 0.09972, 0.09642], "val_accs": [0.0998, 0.1, 0.1, 0.1, 0.1, 0.1, 0.1, 0.1, 0.1, 0.1, 0.1, 0.1, 0.1, 0.1, 0.1, 0.1, 0.1, 0.1, 0.1, 0.1, 0.1, 0.1, 0.1, 0.1, 0.1, 0.1, 0.1, 0.1, 0.1, 0.1, 0.1, 0.097, 0.1, 0.1071, 0.1021, 0.1, 0.1, 0.1, 0.1, 0.1, 0.1, 0.1, 0.1, 0.1, 0.1, 0.1, 0.1, 0.1, 0.1, 0.1], "epochs_time": 655.5042088031769, "test_loss": 2.3025819063186646, "test_acc": 0.1}