{"train_losses": [1.963620269785122, 1.723276172365461, 1.5783238794122423, 1.4982755165927264, 1.437316241313, 1.3828121508870805, 1.34372358176173, 1.3037480274025275, 1.252118852065534, 1.221140656848343, 1.1820500450474876, 1.1411307819035588, 1.1095200086734733, 1.0841172225013072, 1.0548186180542927, 1.0142845788172312, 0.9956691921973715, 0.9714102033449679, 0.9633623455860176, 0.9284132287210348, 0.9092458182451676, 0.8878227776410629, 0.8704004838150374, 0.8607111028870758, 0.8459446585300018, 0.8248398562475127, 0.8173860664270363, 0.8075072065908082, 0.7946718295617979, 0.784976175549079, 0.7601462125169988, 0.7528026453694519, 0.7493343225547245, 0.7345174995003915, 0.724629138501323, 0.719808965009086, 0.705433691794775, 0.7073953449726105, 0.6876965870662611, 0.6749074744934939, 0.6743912006519279, 0.6604658520343353, 0.6602007133924231, 0.6536019944718906, 0.6395056059165877, 0.6396870187350682, 0.6301210291531621, 0.6213931229953863, 0.6149559069652947, 0.6078368841993566], "val_losses": [1.7316398680210114, 1.6200195461511613, 1.483986920118332, 1.3569808274507522, 1.2928276062011719, 1.3587824553251266, 1.188400934636593, 1.1587052166461944, 1.1075620532035828, 1.101240558922291, 1.0681674972176551, 0.9855627059936524, 1.0474263101816177, 0.9631107598543167, 0.9180984228849411, 0.8922546401619911, 0.8813635587692261, 0.8844050392508507, 0.8869154930114747, 0.841618113219738, 0.7907046303153038, 0.8074994802474975, 0.8068623542785645, 0.7576503098011017, 0.733127062022686, 0.7549737587571144, 0.7418762668967247, 0.7152260929346085, 0.7443015694618225, 0.6887404918670654, 0.6664777725934983, 0.6738269075751304, 0.7007659003138542, 0.683267779648304, 0.6763839557766914, 0.6717393070459365, 0.6508911713957787, 0.6590851664543151, 0.6088818654417991, 0.6312862232327461, 0.6089945428073407, 0.6103432700037956, 0.5952515840530396, 0.6084522977471352, 0.6157563231885433, 0.6716138392686843, 0.6056068785488605, 0.5797310657799244, 0.5851990461349488, 0.5842657282948494], "train_accs": [0.2796, 0.37064, 0.42214, 0.45436, 0.47668, 0.49874, 0.51576, 0.5297, 0.54764, 0.56148, 0.5749, 0.59196, 0.60108, 0.6105, 0.62168, 0.63756, 0.64472, 0.65312, 0.65666, 0.66778, 0.67528, 0.6846, 0.69144, 0.69624, 0.6971, 0.70772, 0.70806, 0.71496, 0.71972, 0.7236, 0.73206, 0.7312, 0.7322, 0.73962, 0.74358, 0.74568, 0.75048, 0.74818, 0.759, 0.76258, 0.76034, 0.7677, 0.76692, 0.76834, 0.7749, 0.7729, 0.77734, 0.78098, 0.78144, 0.78452], "val_accs": [0.3718, 0.4085, 0.4534, 0.5064, 0.5333, 0.5092, 0.5781, 0.5901, 0.6008, 0.6009, 0.6229, 0.6513, 0.6207, 0.662, 0.6784, 0.6845, 0.6944, 0.6909, 0.6842, 0.7051, 0.7246, 0.7189, 0.7147, 0.7374, 0.7479, 0.7417, 0.7464, 0.7532, 0.7447, 0.7623, 0.7671, 0.7673, 0.7591, 0.7605, 0.7653, 0.7737, 0.7787, 0.7771, 0.7911, 0.781, 0.7912, 0.7875, 0.7961, 0.794, 0.7916, 0.7685, 0.794, 0.8008, 0.8048, 0.7988], "epochs_time": 1181.3807709217072, "test_loss": 0.5842657282948494, "test_acc": 0.7988}