{"train_losses": [2.220806776260843, 2.0013130799848207, 1.8916990793481165, 1.760041361560627, 1.6755437413040473, 1.6120474423680986, 1.557569907027848, 1.508502689551334, 1.451172070843833, 1.4031012331952855, 1.3585560212329941, 1.3067818125899957, 1.2617493813135185, 1.2194229479955168, 1.1774489764048128, 1.1475859804421056, 1.1226828630481447, 1.0945681862685146, 1.0594533681869507, 1.0420502016738968, 1.017217863883291, 0.9966218346843914, 0.9743166946026743, 0.9625658082718752, 0.9460165479353496, 0.9237951000734251, 0.9029511639050075, 0.8865378082406764, 0.8741263193743569, 0.8501869245451323, 0.8466547523834267, 0.8249035036685516, 0.8132827245459264, 0.8055088304135264, 0.7923096454873377, 0.7812471088706231, 0.7650331158419045, 0.7563121662456163, 0.7513567157545868, 0.7353701673600138, 0.723408506232865, 0.7198259048924154, 0.7174997703761471, 0.7048269236574367, 0.6934649437970045, 0.6898228799810215, 0.6838349079599186, 0.6673993541269886, 0.6612987177712577, 0.6500603693480395], "val_losses": [2.0301616579294204, 1.9130134016275406, 1.7389938175678252, 1.666323909163475, 1.5490207999944687, 1.4859890550374986, 1.4662379711866378, 1.4146682381629945, 1.327185121178627, 1.2979566037654877, 1.199650490283966, 1.169154518842697, 1.1399320542812348, 1.0747685745358466, 1.061246505379677, 1.0346487492322922, 0.9864471510052681, 0.9913487359881401, 0.9584849223494529, 0.9229941129684448, 0.8994944036006928, 0.8639626786112785, 0.8473139643669129, 0.8490761339664459, 0.8325220748782158, 0.7992012545466423, 0.7715386137366295, 0.7724255532026291, 0.7534117713570595, 0.756259223818779, 0.7317733228206634, 0.7008508592844009, 0.736932423710823, 0.6867725938558579, 0.6884259074926377, 0.6974034249782562, 0.6984278872609139, 0.6625332936644555, 0.6674776747822762, 0.6288563489913941, 0.6321898564696312, 0.6164998859167099, 0.6118812918663025, 0.5998692736029625, 0.5933751113712787, 0.5895976059138774, 0.6016721926629544, 0.57147646099329, 0.5724241189658642, 0.5637237817049027], "train_accs": [0.18558, 0.25988, 0.30116, 0.33742, 0.37112, 0.39838, 0.4204, 0.4414, 0.46148, 0.48362, 0.50464, 0.5229, 0.53882, 0.5567, 0.573, 0.582, 0.59208, 0.60298, 0.61514, 0.62454, 0.63494, 0.64056, 0.64986, 0.65318, 0.66032, 0.66876, 0.67546, 0.68354, 0.68798, 0.69546, 0.7001, 0.7062, 0.71062, 0.7139, 0.7189, 0.7222, 0.72918, 0.73286, 0.73254, 0.73782, 0.74312, 0.74726, 0.74634, 0.75152, 0.75624, 0.75532, 0.75868, 0.76636, 0.7687, 0.77026], "val_accs": [0.2435, 0.3055, 0.3526, 0.3733, 0.4226, 0.4462, 0.4526, 0.4798, 0.5105, 0.5215, 0.5601, 0.5795, 0.5879, 0.6143, 0.6262, 0.6279, 0.6433, 0.641, 0.6553, 0.6636, 0.6817, 0.6943, 0.7015, 0.6977, 0.7045, 0.7132, 0.7281, 0.7254, 0.7337, 0.7329, 0.741, 0.7502, 0.7368, 0.7605, 0.7568, 0.7573, 0.7552, 0.7624, 0.7637, 0.7823, 0.7761, 0.7858, 0.7847, 0.7921, 0.7901, 0.7923, 0.7911, 0.8028, 0.7983, 0.8039], "epochs_time": 683.7782912254333, "test_loss": 0.5637237817049027, "test_acc": 0.8039}