{"train_losses": [1.9643241513748557, 1.717699103817648, 1.5817143606896302, 1.5002144599447444, 1.441065018274346, 1.395073623681555, 1.3423184636904268, 1.3004290133106464, 1.252151359100731, 1.214812994003296, 1.184417612394508, 1.1406373959414813, 1.1114902730498994, 1.0916053889965525, 1.0604804805955108, 1.0253250361705313, 1.0038884577094291, 0.9738498682878456, 0.9691606918159796, 0.9410318230487862, 0.916963874685521, 0.8957708538795004, 0.8781303927606466, 0.8676315929208483, 0.8535804392731919, 0.8351988801542594, 0.8229920246771404, 0.8101293903832533, 0.8019286783374086, 0.7852632716602209, 0.769369010414396, 0.7597410374758194, 0.7536942831107548, 0.7347733539586164, 0.7252751309044507, 0.7220596300095928, 0.7080582857740169, 0.7068718428514442, 0.6912448004800447, 0.6859080402218566, 0.6792814689023154, 0.6680404236730264, 0.6642356499725458, 0.6537971595416263, 0.6433431335857936, 0.6514620184898376, 0.6299902136836734, 0.6239276868956429, 0.6209877446597937, 0.6087699544673063], "val_losses": [1.7179461538791656, 1.6408657044172288, 1.4550390511751174, 1.3454886078834534, 1.2937230855226516, 1.3653039366006852, 1.2554337859153748, 1.1534934401512147, 1.1310013085603714, 1.0931142508983611, 1.086625723540783, 1.0259977295994758, 1.0179681286215783, 0.9411335825920105, 0.9317024275660515, 0.8970015093684196, 0.8981888145208359, 0.8729729071259499, 0.9423596456646919, 0.844270546734333, 0.7883595377206802, 0.8101418420672417, 0.7801499396562577, 0.7709233149886131, 0.7472172185778618, 0.7424690872430801, 0.7522987872362137, 0.7204897210001946, 0.7180894151329994, 0.6666726693511009, 0.6746687978506088, 0.6576073959469795, 0.6708031520247459, 0.6774275660514831, 0.6529846444725991, 0.6646872833371162, 0.6234865292906762, 0.6525254026055336, 0.6177148073911667, 0.652549035847187, 0.6072731167078018, 0.6422331407666206, 0.6114970907568932, 0.6123080767691136, 0.6136470332741737, 0.6019260287284851, 0.596924576163292, 0.5733033798635006, 0.5576095379889011, 0.5886078849434853], "train_accs": [0.27784, 0.37196, 0.41938, 0.45194, 0.47574, 0.4947, 0.51454, 0.53186, 0.54696, 0.56282, 0.57374, 0.59278, 0.6011, 0.60838, 0.62012, 0.63222, 0.6397, 0.65318, 0.65582, 0.66376, 0.67144, 0.68166, 0.68798, 0.69556, 0.69766, 0.70402, 0.70682, 0.71234, 0.71558, 0.7241, 0.72556, 0.72962, 0.73278, 0.73998, 0.74444, 0.74412, 0.74954, 0.75202, 0.75688, 0.75664, 0.76006, 0.76514, 0.76548, 0.76726, 0.77208, 0.76964, 0.77842, 0.77968, 0.77958, 0.78508], "val_accs": [0.3739, 0.3916, 0.4613, 0.5084, 0.5362, 0.5117, 0.5506, 0.5864, 0.5957, 0.6039, 0.6135, 0.6389, 0.6337, 0.6639, 0.6742, 0.6842, 0.6798, 0.6935, 0.6693, 0.7059, 0.7236, 0.7157, 0.7229, 0.7292, 0.7379, 0.7406, 0.7389, 0.7489, 0.7535, 0.7719, 0.7663, 0.7751, 0.7645, 0.7604, 0.7725, 0.7753, 0.7867, 0.7747, 0.7895, 0.7723, 0.7909, 0.7754, 0.7891, 0.7873, 0.7905, 0.7957, 0.7909, 0.8018, 0.8089, 0.7966], "epochs_time": 998.8419218063354, "test_loss": 0.5886078849434853, "test_acc": 0.7966}