{"train_losses": [1.7369268366268702, 1.4501911772757161, 1.321473129549805, 1.2125194227817107, 1.1319581562159013, 1.0699813524071051, 1.0191837698221207, 0.9722573939634829, 0.9330436754591611, 0.9072915145329067, 0.8724844878425404, 0.8489230810379496, 0.8234394223106151, 0.8012538737788493, 0.7804807327231582, 0.7596328772452413, 0.7416617514527574, 0.7207018802968823, 0.7136525186348934, 0.6976208361435909, 0.6724115382043683, 0.6689025402373198, 0.6519692655728788, 0.6421113935660343, 0.6241535130812197, 0.6120541509316892, 0.599360072187015, 0.5963289083874955, 0.5819357347731687, 0.5723287162123895, 0.5592093920829345, 0.553657707663215, 0.542346330321565, 0.532260073843051, 0.5226140756692205, 0.5173723750880787, 0.5064004238466827, 0.5019778434415253, 0.4890510216355324, 0.4778417891689709, 0.4756477663711626, 0.4663553745770941, 0.4562207779714039, 0.4490148040408991, 0.44018811337193664, 0.44191907391864427, 0.4319625724943317, 0.4221931185041155, 0.42054968403310194, 0.4134878409760339], "val_losses": [1.3466767847537995, 1.3429570287466048, 1.1115803077816964, 1.0069623053073884, 0.9855848953127861, 0.9021084859967232, 0.8555546432733536, 0.8327092453837395, 0.804065988957882, 0.8089696079492569, 0.7431651905179024, 0.7260293304920197, 0.692715859413147, 0.7526379182934761, 0.6798231497406959, 0.6729902863502503, 0.6475207924842834, 0.6471227496862412, 0.6409084439277649, 0.6307174406945706, 0.6003796473145485, 0.5878490313887597, 0.6017396606504917, 0.5696075394749641, 0.5927231952548027, 0.5794543027877808, 0.5700650312006473, 0.5873957753181458, 0.568803109228611, 0.5720552496612072, 0.5330282501876354, 0.5841414630413055, 0.5468440823256969, 0.5423072293400765, 0.5343825250864029, 0.5548577971756459, 0.5392997168004513, 0.5310849480330944, 0.5247593462467194, 0.519396749138832, 0.5209122471511364, 0.519148887693882, 0.5158284910023212, 0.5196944557130336, 0.5088084399700165, 0.5289013005793095, 0.4982461273670197, 0.503945829719305, 0.5164289347827434, 0.5044181913137435], "train_accs": [0.36558, 0.47522, 0.52234, 0.5651, 0.59384, 0.61866, 0.63656, 0.65462, 0.66938, 0.67936, 0.6918, 0.70286, 0.70898, 0.71698, 0.7237, 0.7302, 0.73872, 0.74778, 0.74804, 0.75182, 0.76298, 0.76494, 0.76914, 0.77346, 0.77882, 0.78418, 0.78862, 0.78802, 0.79682, 0.80006, 0.803, 0.8045, 0.8106, 0.81154, 0.81472, 0.81762, 0.82198, 0.82262, 0.8278, 0.83214, 0.83238, 0.83654, 0.83882, 0.84306, 0.84448, 0.84272, 0.8482, 0.8518, 0.85262, 0.85494], "val_accs": [0.5208, 0.5136, 0.6069, 0.6426, 0.6523, 0.6812, 0.705, 0.7115, 0.7176, 0.7158, 0.741, 0.7471, 0.7601, 0.7446, 0.7656, 0.7631, 0.7717, 0.7753, 0.7729, 0.7758, 0.7863, 0.7899, 0.7914, 0.798, 0.789, 0.8008, 0.8057, 0.8008, 0.802, 0.8019, 0.8144, 0.7955, 0.8141, 0.815, 0.8162, 0.8156, 0.8162, 0.8208, 0.8216, 0.8238, 0.8239, 0.8212, 0.8213, 0.826, 0.8301, 0.8226, 0.8304, 0.8288, 0.8316, 0.8319], "epochs_time": 1209.840312242508, "test_loss": 0.5044181913137435, "test_acc": 0.8319}