{"train_losses": [2.302607310061552, 2.3026030465048186, 2.3026089753423418, 2.3026026754963156, 2.3026052494438325, 2.302606707932998, 2.3025998497495848, 2.302605749392996, 2.3026094193361244, 2.302614559932631, 2.3026029479746914, 2.3026045889270548, 2.302605990244418, 2.3026024273463657, 2.3026130965777805, 2.3026022558309593, 2.3026037410813935, 2.3026020672856546, 2.3026047312483495, 2.3026069001275666, 2.302608381728737, 2.3026035014463933, 2.3026074146737856, 2.3026080228844465, 2.302605321212691, 2.3026046254196944, 2.3026069597322114, 2.3026078963766294, 2.3026054988102036, 2.3026061824389865, 2.3026020137631162, 2.3026067456420587, 2.3026079000258934, 2.3026099569943486, 2.302608061809929, 2.302607688368583, 2.302608925469068, 2.3026034503566977, 2.302604702054238, 2.3026029820344887, 2.302604781121624, 2.3026089899393978, 2.302605699519722, 2.302603980716394, 2.302607358718405, 2.302606448835256, 2.3026030452883974, 2.3026021731143094, 2.3026036048422056, 2.302604540270202], "val_losses": [2.302578330039978, 2.3025695025920867, 2.302574265003204, 2.3025770664215086, 2.3025791585445403, 2.3025745928287504, 2.3025722324848177, 2.3025707960128785, 2.302567780017853, 2.3025693535804748, 2.3025756239891053, 2.3025736093521116, 2.3025811314582825, 2.30257642865181, 2.3025811672210694, 2.3025699257850647, 2.3025694310665132, 2.302572101354599, 2.3025712370872498, 2.302580291032791, 2.302584707736969, 2.3025757670402527, 2.3025770485401154, 2.302579516172409, 2.302577072381973, 2.3025760293006896, 2.3025783717632295, 2.302577245235443, 2.3025853037834167, 2.3025768220424654, 2.3025802671909332, 2.302567881345749, 2.302585744857788, 2.302572321891785, 2.3025829434394836, 2.302587574720383, 2.302577292919159, 2.3025892198085787, 2.3025825679302216, 2.3025725066661833, 2.3025778114795683, 2.302586168050766, 2.3025712251663206, 2.302573698759079, 2.3025733709335325, 2.3025717973709106, 2.302574121952057, 2.302572411298752, 2.3025741159915922, 2.3025725364685057], "train_accs": [0.09684, 0.09854, 0.0981, 0.09972, 0.09696, 0.09656, 0.099, 0.09878, 0.09778, 0.09806, 0.098, 0.09842, 0.09794, 0.09768, 0.0978, 0.09914, 0.09632, 0.09842, 0.0997, 0.09918, 0.09882, 0.0974, 0.09872, 0.0967, 0.098, 0.0981, 0.09942, 0.09858, 0.09934, 0.0965, 0.09876, 0.09768, 0.09842, 0.0994, 0.09722, 0.09664, 0.09738, 0.09788, 0.09818, 0.10008, 0.09808, 0.09842, 0.09898, 0.0994, 0.09974, 0.09956, 0.09672, 0.09784, 0.09944, 0.09638], "val_accs": [0.1, 0.1, 0.1288, 0.1, 0.1, 0.1, 0.1, 0.1, 0.1, 0.1, 0.1, 0.1, 0.1, 0.1, 0.1, 0.1, 0.1, 0.1, 0.1, 0.1001, 0.1, 0.1, 0.1, 0.1, 0.1, 0.1, 0.1, 0.1, 0.1, 0.1, 0.1, 0.1, 0.1502, 0.1, 0.1, 0.1, 0.1, 0.1, 0.1, 0.1001, 0.1, 0.1, 0.1, 0.1002, 0.1, 0.1, 0.1, 0.1, 0.1, 0.1], "epochs_time": 1197.662307024002, "test_loss": 2.3025725364685057, "test_acc": 0.1}