{
    "train_losses": [
        1.7870980434271755,
        1.5063651569035588,
        1.3745939974882164,
        1.2826691750360995,
        1.2044850043496307,
        1.1494068323957676,
        1.0956921525755707,
        1.0434182921842652,
        1.0082716142036476,
        0.9722022575383283,
        0.9332792971815381,
        0.9189589802099734,
        0.8794756282349022,
        0.8570181158732395,
        0.8434746767185173,
        0.8089767353875297,
        0.8043213076129252,
        0.7831655670793689,
        0.7637088000774384,
        0.7473514040513914,
        0.7338369339704514,
        0.7158454288633502,
        0.7008986293661351,
        0.6977560261682588,
        0.6724136833633695,
        0.6729883157781192,
        0.6517892452527065,
        0.6394926341516631,
        0.6301265211433781,
        0.6181590154158826,
        0.6134420616590247,
        0.5969627379458777,
        0.5921163598493654,
        0.5852151724452875,
        0.5778875764535398,
        0.5688671556358434,
        0.5523858316698853,
        0.549871274099058,
        0.534142371647212,
        0.5254469264526757,
        0.5143225973053854,
        0.5187840405471471,
        0.5068745999311914,
        0.49603553116321564,
        0.48662411527974264,
        0.48773148853559883,
        0.47959490546158384,
        0.47383761101839494,
        0.4617278727949882,
        0.45203778208518514
    ],
    "val_losses": [
        1.4008415818214417,
        1.284130612015724,
        1.16933516561985,
        1.0740006953477859,
        1.006788270175457,
        0.9891694083809852,
        0.9347471699118615,
        0.9167427152395249,
        0.8587492108345032,
        0.8391837999224663,
        0.8233946844935417,
        0.7989569514989853,
        0.7853193998336792,
        0.7401085942983627,
        0.745161485671997,
        0.7247622728347778,
        0.697895123064518,
        0.6974825322628021,
        0.693218645453453,
        0.6595477163791656,
        0.6683608993887902,
        0.6503803908824921,
        0.642951200902462,
        0.6279504545032978,
        0.6254987120628357,
        0.6256331227719784,
        0.6142865739762783,
        0.6269364640116691,
        0.5917037591338158,
        0.6024414278566838,
        0.5776441000401974,
        0.5655236527323723,
        0.575950364023447,
        0.5561864703893662,
        0.5775345236063003,
        0.5839218325912953,
        0.5701078489422798,
        0.5743341147899628,
        0.5295699201524258,
        0.5493172883987427,
        0.5372488051652908,
        0.5439134359359741,
        0.5363906167447567,
        0.530353718996048,
        0.5406954526901245,
        0.5187702231109143,
        0.5208709418773652,
        0.5113098412752152,
        0.5079640559852123,
        0.5220608286559582
    ],
    "train_accs": [
        0.353,
        0.45474,
        0.5021,
        0.53582,
        0.56676,
        0.58544,
        0.6049,
        0.6277,
        0.64218,
        0.65382,
        0.6672,
        0.67348,
        0.69006,
        0.69612,
        0.70028,
        0.7146,
        0.71234,
        0.72128,
        0.72914,
        0.73442,
        0.74118,
        0.74946,
        0.75178,
        0.7541,
        0.76266,
        0.76348,
        0.76996,
        0.774,
        0.77638,
        0.78132,
        0.78492,
        0.78956,
        0.78996,
        0.7934,
        0.7952,
        0.80004,
        0.80522,
        0.80556,
        0.81128,
        0.8157,
        0.81908,
        0.8157,
        0.82056,
        0.8257,
        0.82786,
        0.82638,
        0.83104,
        0.83244,
        0.83818,
        0.84228
    ],
    "val_accs": [
        0.4902,
        0.5414,
        0.577,
        0.6129,
        0.6337,
        0.649,
        0.6669,
        0.6708,
        0.6964,
        0.7051,
        0.7086,
        0.7185,
        0.7251,
        0.7369,
        0.7369,
        0.7464,
        0.7582,
        0.757,
        0.7605,
        0.7691,
        0.7634,
        0.7758,
        0.7756,
        0.7845,
        0.784,
        0.7817,
        0.7847,
        0.7818,
        0.7929,
        0.7971,
        0.8024,
        0.805,
        0.8014,
        0.8062,
        0.8023,
        0.7954,
        0.8069,
        0.801,
        0.8178,
        0.8098,
        0.8155,
        0.813,
        0.8107,
        0.8172,
        0.8149,
        0.8166,
        0.823,
        0.8219,
        0.8253,
        0.8218
    ],
    "epochs_time": 741.0137739181519,
    "test_loss": 0.5220608286559582,
    "test_acc": 0.8218
}